"coord.lon","coord.lat","weather.id","weather.main","weather.description","weather.icon","base","main.temp","main.feels_like","main.temp_min","main.temp_max","main.pressure","main.humidity","main.sea_level","main.grnd_level","visibility","wind.speed","wind.deg","wind.gust","X1h","all","dt","sys.country","sys.sunrise","sys.sunset","timezone","id","name","cod","date_time"
79.1333,12.9333,502,"Rain","heavy intensity rain","10n","stations",294.29,294.81,294.29,294.29,1004,90,1004,979,6117,8.74,308,15.72,12.09,100,1636636022,"IN",1636591229,1636632876,19800,1253286,"Vellore",200,2021-11-11 19:19:25
79.1333,12.9333,502,"Rain","heavy intensity rain","10n","stations",294.29,294.81,294.29,294.29,1004,90,1004,979,6117,8.74,308,15.72,12.09,100,1636636022,"IN",1636591229,1636632876,19800,1253286,"Vellore",200,2021-11-11 19:19:47
79.1333,12.9333,502,"Rain","heavy intensity rain","10n","stations",294.17,294.7,294.17,294.17,1004,91,1004,980,10000,8.14,308,15.24,4.86,100,1636639643,"IN",1636591229,1636632876,19800,1253286,"Vellore",200,2021-11-11 20:08:10
79.1333,12.9333,502,"Rain","heavy intensity rain","10n","stations",294.17,294.7,294.17,294.17,1004,91,1004,980,10000,8.14,308,15.24,4.86,100,1636639643,"IN",1636591229,1636632876,19800,1253286,"Vellore",200,2021-11-11 20:10:41
79.1333,12.9333,804,"Clouds","overcast clouds","04n","stations",294.34,294.86,294.34,294.34,1005,90,1005,981,10000,7.02,315,13.76,100,1636642390,"IN",1636591229,1636632876,19800,1253286,"Vellore",200,2021-11-11 20:53:11
79.1333,12.9333,804,"Clouds","overcast clouds","04n","stations",294.34,294.86,294.34,294.34,1005,90,1005,981,10000,7.02,315,13.76,100,1636642390,"IN",1636591229,1636632876,19800,1253286,"Vellore",200,2021-11-11 20:55:41
79.1333,12.9333,502,"Rain","heavy intensity rain","10n","stations",294.34,294.86,294.34,294.34,1005,90,1005,981,10000,7.02,315,13.76,5.62,100,1636643075,"IN",1636591229,1636632876,19800,1253286,"Vellore",200,2021-11-11 21:08:07
79.1333,12.9333,502,"Rain","heavy intensity rain","10n","stations",294.34,294.86,294.34,294.34,1005,90,1005,981,10000,7.02,315,13.76,5.62,100,1636643075,"IN",1636591229,1636632876,19800,1253286,"Vellore",200,2021-11-11 21:10:41
79.1333,12.9333,804,"Clouds","overcast clouds","04n","stations",294.34,294.86,294.34,294.34,1005,90,1005,981,10000,7.02,315,13.76,100,1636644187,"IN",1636591229,1636632876,19800,1253286,"Vellore",200,2021-11-11 21:23:09
79.1333,12.9333,804,"Clouds","overcast clouds","04n","stations",294.34,294.86,294.34,294.34,1005,90,1005,981,10000,7.02,315,13.76,100,1636644187,"IN",1636591229,1636632876,19800,1253286,"Vellore",200,2021-11-11 21:25:46
79.1333,12.9333,500,"Rain","light rain","10n","stations",294.29,294.81,294.29,294.29,1006,90,1006,981,10000,6.33,315,12.71,0.11,100,1636644954,"IN",1636591229,1636632876,19800,1253286,"Vellore",200,2021-11-11 21:38:08
79.1333,12.9333,500,"Rain","light rain","10n","stations",294.29,294.81,294.29,294.29,1006,90,1006,981,10000,6.33,315,12.71,0.11,100,1636644954,"IN",1636591229,1636632876,19800,1253286,"Vellore",200,2021-11-11 21:40:41
79.1333,12.9333,502,"Rain","heavy intensity rain","10n","stations",294.29,294.81,294.29,294.29,1006,90,1006,981,10000,6.33,315,12.71,5.62,100,1636645859,"IN",1636591229,1636632876,19800,1253286,"Vellore",200,2021-11-11 21:53:07
79.1333,12.9333,804,"Clouds","overcast clouds","04n","stations",294.29,294.81,294.29,294.29,1006,90,1006,981,10000,6.33,315,12.71,100,1636646140,"IN",1636591229,1636632876,19800,1253286,"Vellore",200,2021-11-11 21:55:41
79.1333,12.9333,502,"Rain","heavy intensity rain","10n","stations",294.29,294.81,294.29,294.29,1006,90,1006,981,10000,6.33,315,12.71,5.62,100,1636646705,"IN",1636591229,1636632876,19800,1253286,"Vellore",200,2021-11-11 22:08:09
79.1333,12.9333,502,"Rain","heavy intensity rain","10n","stations",294.29,294.81,294.29,294.29,1006,90,1006,981,10000,6.33,315,12.71,5.62,100,1636646705,"IN",1636591229,1636632876,19800,1253286,"Vellore",200,2021-11-11 22:10:42
79.1333,12.9333,502,"Rain","heavy intensity rain","10n","stations",294.29,294.81,294.29,294.29,1006,90,1006,981,10000,6.33,315,12.71,6.96,100,1636647642,"IN",1636591229,1636632876,19800,1253286,"Vellore",200,2021-11-11 22:23:11
79.1333,12.9333,502,"Rain","heavy intensity rain","10n","stations",294.29,294.81,294.29,294.29,1006,90,1006,981,10000,6.33,315,12.71,6.96,100,1636647642,"IN",1636591229,1636632876,19800,1253286,"Vellore",200,2021-11-11 22:25:41
79.1333,12.9333,500,"Rain","light rain","10n","stations",294.31,294.86,294.31,294.31,1005,91,1005,981,10000,5.88,315,12.13,0.24,100,1636648494,"IN",1636591229,1636632876,19800,1253286,"Vellore",200,2021-11-11 22:38:08
79.1333,12.9333,804,"Clouds","overcast clouds","04n","stations",294.31,294.86,294.31,294.31,1005,91,1005,981,10000,5.88,315,12.13,100,1636650037,"IN",1636591229,1636632876,19800,1253286,"Vellore",200,2021-11-11 23:00:39
79.1333,12.9333,804,"Clouds","overcast clouds","04n","stations",294.3,294.85,294.3,294.3,1005,91,1005,981,10000,5.75,308,11.52,100,1636651961,"IN",1636591229,1636632876,19800,1253286,"Vellore",200,2021-11-11 23:36:52
79.1333,12.9333,804,"Clouds","overcast clouds","04n","stations",293.98,294.6,293.98,293.98,1004,95,1004,980,10000,4.88,353,9.68,100,1636659693,"IN",1636677653,1636719268,19800,1253286,"Vellore",200,2021-11-12 01:41:35
79.1333,12.9333,804,"Clouds","overcast clouds","04n","stations",293.98,294.6,293.98,293.98,1004,95,1004,980,10000,4.88,353,9.68,100,1636661243,"IN",1636677653,1636719268,19800,1253286,"Vellore",200,2021-11-12 02:16:08
79.1333,12.9333,804,"Clouds","overcast clouds","04n","stations",293.98,294.6,293.98,293.98,1004,95,1004,980,10000,4.88,353,9.68,100,1636661243,"IN",1636677653,1636719268,19800,1253286,"Vellore",200,2021-11-12 02:17:52
79.1333,12.9333,804,"Clouds","overcast clouds","04n","stations",293.98,294.6,293.98,293.98,1004,95,1004,980,10000,4.88,353,9.68,100,1636661243,"IN",1636677653,1636719268,19800,1253286,"Vellore",200,2021-11-12 02:18:37
79.1333,12.9333,804,"Clouds","overcast clouds","04d","stations",294.77,295.49,294.77,294.77,1008,96,1008,984,10000,0.97,10,2.28,100,1636684456,"IN",1636677653,1636719268,19800,1253286,"Vellore",200,2021-11-12 08:34:19
79.1333,12.9333,804,"Clouds","overcast clouds","04d","stations",294.77,295.49,294.77,294.77,1008,96,1008,984,10000,0.97,10,2.28,100,1636685306,"IN",1636677653,1636719268,19800,1253286,"Vellore",200,2021-11-12 08:48:28
79.1333,12.9333,804,"Clouds","overcast clouds","04d","stations",294.77,295.49,294.77,294.77,1008,96,1008,984,10000,0.97,10,2.28,100,1636686292,"IN",1636677653,1636719268,19800,1253286,"Vellore",200,2021-11-12 09:04:54
79.1333,12.9333,804,"Clouds","overcast clouds","04d","stations",294.77,295.49,294.77,294.77,1008,96,1008,984,10000,0.97,10,2.28,100,1636686443,"IN",1636677653,1636719268,19800,1253286,"Vellore",200,2021-11-12 09:10:28
79.1333,12.9333,804,"Clouds","overcast clouds","04d","stations",295.05,295.78,295.05,295.05,1009,95,1009,985,10000,1,34,2.22,100,1636689013,"IN",1636677653,1636719268,19800,1253286,"Vellore",200,2021-11-12 09:50:13
79.1333,12.9333,804,"Clouds","overcast clouds","04d","stations",295.05,295.78,295.05,295.05,1009,95,1009,985,10000,1,34,2.22,100,1636689013,"IN",1636677653,1636719268,19800,1253286,"Vellore",200,2021-11-12 09:55:15
79.1333,12.9333,804,"Clouds","overcast clouds","04d","stations",296.92,297.7,296.92,296.92,1007,90,1007,983,10000,1.65,50,3.31,100,1636697708,"IN",1636677653,1636719268,19800,1253286,"Vellore",200,2021-11-12 12:15:08
79.1333,12.9333,804,"Clouds","overcast clouds","04d","stations",296.92,297.7,296.92,296.92,1007,90,1007,983,10000,1.65,50,3.31,100,1636697708,"IN",1636677653,1636719268,19800,1253286,"Vellore",200,2021-11-12 12:24:45
79.1333,12.9333,804,"Clouds","overcast clouds","04n","stations",295.47,296.21,295.47,295.47,1009,94,1009,984,10000,2.01,250,2.24,100,1636726370,"IN",1636677653,1636719268,19800,1253286,"Vellore",200,2021-11-12 20:12:52
79.1333,12.9333,804,"Clouds","overcast clouds","04n","stations",295.47,296.21,295.47,295.47,1009,94,1009,984,10000,2.01,250,2.24,100,1636726370,"IN",1636677653,1636719268,19800,1253286,"Vellore",200,2021-11-12 20:14:17
79.1333,12.9333,804,"Clouds","overcast clouds","04n","stations",295.47,296.21,295.47,295.47,1009,94,1009,984,10000,2.01,250,2.24,100,1636726370,"IN",1636677653,1636719268,19800,1253286,"Vellore",200,2021-11-12 20:14:29
79.1333,12.9333,804,"Clouds","overcast clouds","04n","stations",295.47,296.21,295.47,295.47,1009,94,1009,984,10000,2.01,250,2.24,100,1636726370,"IN",1636677653,1636719268,19800,1253286,"Vellore",200,2021-11-12 20:15:58
79.1333,12.9333,804,"Clouds","overcast clouds","04n","stations",295.47,296.21,295.47,295.47,1009,94,1009,984,10000,2.01,250,2.24,100,1636726370,"IN",1636677653,1636719268,19800,1253286,"Vellore",200,2021-11-12 20:21:11
79.1333,12.9333,804,"Clouds","overcast clouds","04n","stations",295.96,296.8,295.96,295.96,1009,96,1009,985,10000,0.66,306,0.83,100,1636735255,"IN",1636677653,1636719268,19800,1253286,"Vellore",200,2021-11-12 22:44:24
79.1333,12.9333,804,"Clouds","overcast clouds","04n","stations",295.96,296.8,295.96,295.96,1009,96,1009,985,10000,0.66,306,0.83,100,1636735766,"IN",1636677653,1636719268,19800,1253286,"Vellore",200,2021-11-12 22:51:17
79.1333,12.9333,804,"Clouds","overcast clouds","04n","stations",295.96,296.8,295.96,295.96,1009,96,1009,985,10000,0.66,306,0.83,100,1636735766,"IN",1636677653,1636719268,19800,1253286,"Vellore",200,2021-11-12 22:58:05
79.1333,12.9333,804,"Clouds","overcast clouds","04n","stations",295.96,296.8,295.96,295.96,1009,96,1009,985,10000,0.66,306,0.83,100,1636736565,"IN",1636677653,1636719268,19800,1253286,"Vellore",200,2021-11-12 23:05:14
79.1333,12.9333,804,"Clouds","overcast clouds","04n","stations",295.96,296.8,295.96,295.96,1009,96,1009,985,10000,0.66,306,0.83,100,1636736565,"IN",1636677653,1636719268,19800,1253286,"Vellore",200,2021-11-12 23:13:16
79.1333,12.9333,804,"Clouds","overcast clouds","04n","stations",295.96,296.8,295.96,295.96,1009,96,1009,985,10000,0.66,306,0.83,100,1636737585,"IN",1636677653,1636719268,19800,1253286,"Vellore",200,2021-11-12 23:24:33
79.1333,12.9333,804,"Clouds","overcast clouds","04n","stations",295.96,296.8,295.96,295.96,1009,96,1009,985,10000,0.66,306,0.83,100,1636737585,"IN",1636677653,1636719268,19800,1253286,"Vellore",200,2021-11-12 23:29:28
79.1333,12.9333,804,"Clouds","overcast clouds","04n","stations",295.78,296.61,295.78,295.78,1009,96,1009,985,10000,0.65,317,0.84,100,1636738550,"IN",1636677653,1636719268,19800,1253286,"Vellore",200,2021-11-12 23:35:51
79.1333,12.9333,804,"Clouds","overcast clouds","04n","stations",295.78,296.61,295.78,295.78,1009,96,1009,985,10000,0.65,317,0.84,100,1636738550,"IN",1636677653,1636719268,19800,1253286,"Vellore",200,2021-11-12 23:36:45
79.1333,12.9333,804,"Clouds","overcast clouds","04n","stations",295.78,296.61,295.78,295.78,1009,96,1009,985,10000,0.65,317,0.84,100,1636738550,"IN",1636677653,1636719268,19800,1253286,"Vellore",200,2021-11-12 23:42:45
79.1333,12.9333,804,"Clouds","overcast clouds","04n","stations",295.88,296.72,295.88,295.88,1009,96,1009,985,10000,0.57,292,0.84,100,1636739773,"IN",1636677653,1636719268,19800,1253286,"Vellore",200,2021-11-12 23:56:45
79.1333,12.9333,804,"Clouds","overcast clouds","04d","stations",297.61,298.44,297.61,297.61,1010,89,1010,986,10000,0.73,295,0.77,99,1636773175,"IN",1636764078,1636805660,19800,1253286,"Vellore",200,2021-11-13 09:12:56
79.1333,12.9333,804,"Clouds","overcast clouds","04d","stations",298.29,299.16,298.29,298.29,1010,88,1010,986,10000,0.5,29,1.17,91,1636774258,"IN",1636764078,1636805660,19800,1253286,"Vellore",200,2021-11-13 09:30:59
79.1333,12.9333,804,"Clouds","overcast clouds","04d","stations",298.29,299.16,298.29,298.29,1010,88,1010,986,10000,0.5,29,1.17,91,1636774258,"IN",1636764078,1636805660,19800,1253286,"Vellore",200,2021-11-13 09:40:36
79.1333,12.9333,804,"Clouds","overcast clouds","04d","stations",298.29,299.16,298.29,298.29,1010,88,1010,986,10000,0.5,29,1.17,91,1636775118,"IN",1636764078,1636805660,19800,1253286,"Vellore",200,2021-11-13 09:45:19
79.1333,12.9333,804,"Clouds","overcast clouds","04d","stations",298.29,299.16,298.29,298.29,1010,88,1010,986,10000,0.5,29,1.17,91,1636775340,"IN",1636764078,1636805660,19800,1253286,"Vellore",200,2021-11-13 09:49:45
79.1333,12.9333,804,"Clouds","overcast clouds","04d","stations",298.29,299.16,298.29,298.29,1010,88,1010,986,10000,0.5,29,1.17,91,1636775340,"IN",1636764078,1636805660,19800,1253286,"Vellore",200,2021-11-13 09:53:28
79.1333,12.9333,804,"Clouds","overcast clouds","04d","stations",298.29,299.16,298.29,298.29,1010,88,1010,986,10000,0.5,29,1.17,91,1636775340,"IN",1636764078,1636805660,19800,1253286,"Vellore",200,2021-11-13 09:54:51
79.1333,12.9333,804,"Clouds","overcast clouds","04d","stations",298.29,299.16,298.29,298.29,1010,88,1010,986,10000,0.5,29,1.17,91,1636776434,"IN",1636764078,1636805660,19800,1253286,"Vellore",200,2021-11-13 10:07:16
79.1333,12.9333,804,"Clouds","overcast clouds","04d","stations",298.29,299.16,298.29,298.29,1010,88,1010,986,10000,0.5,29,1.17,91,1636776940,"IN",1636764078,1636805660,19800,1253286,"Vellore",200,2021-11-13 10:20:06
79.1333,12.9333,804,"Clouds","overcast clouds","04d","stations",298.29,299.16,298.29,298.29,1010,88,1010,986,10000,0.5,29,1.17,91,1636776940,"IN",1636764078,1636805660,19800,1253286,"Vellore",200,2021-11-13 10:25:43
79.1333,12.9333,804,"Clouds","overcast clouds","04d","stations",298.51,299.4,298.51,298.51,1010,88,1010,986,10000,0.43,207,0.94,93,1636779068,"IN",1636764078,1636805660,19800,1253286,"Vellore",200,2021-11-13 10:51:09
79.1333,12.9333,804,"Clouds","overcast clouds","04d","stations",298.51,299.4,298.51,298.51,1010,88,1010,986,10000,0.43,207,0.94,93,1636779068,"IN",1636764078,1636805660,19800,1253286,"Vellore",200,2021-11-13 10:55:35
79.1333,12.9333,804,"Clouds","overcast clouds","04d","stations",298.51,299.4,298.51,298.51,1010,88,1010,986,10000,0.43,207,0.94,93,1636779068,"IN",1636764078,1636805660,19800,1253286,"Vellore",200,2021-11-13 10:55:43
79.1333,12.9333,804,"Clouds","overcast clouds","04d","stations",298.51,299.4,298.51,298.51,1010,88,1010,986,10000,0.43,207,0.94,93,1636780243,"IN",1636764078,1636805660,19800,1253286,"Vellore",200,2021-11-13 11:10:44
79.1333,12.9333,804,"Clouds","overcast clouds","04d","stations",298.51,299.4,298.51,298.51,1010,88,1010,986,10000,0.43,207,0.94,93,1636781141,"IN",1636764078,1636805660,19800,1253286,"Vellore",200,2021-11-13 11:25:42
79.1333,12.9333,804,"Clouds","overcast clouds","04d","stations",298.85,299.75,298.85,298.85,1009,87,1009,985,10000,1.23,194,1.16,94,1636781967,"IN",1636764078,1636805660,19800,1253286,"Vellore",200,2021-11-13 11:40:55
79.1333,12.9333,804,"Clouds","overcast clouds","04d","stations",298.85,299.75,298.85,298.85,1009,87,1009,985,10000,1.23,194,1.16,94,1636783540,"IN",1636764078,1636805660,19800,1253286,"Vellore",200,2021-11-13 12:06:37
79.1333,12.9333,804,"Clouds","overcast clouds","04d","stations",298.85,299.75,298.85,298.85,1009,87,1009,985,10000,1.23,194,1.16,94,1636783540,"IN",1636764078,1636805660,19800,1253286,"Vellore",200,2021-11-13 12:10:42
79.1333,12.9333,804,"Clouds","overcast clouds","04d","stations",299.25,299.25,299.25,299.25,1009,84,1009,985,10000,1.37,172,1.56,95,1636784741,"IN",1636764078,1636805660,19800,1253286,"Vellore",200,2021-11-13 12:25:42
79.1333,12.9333,804,"Clouds","overcast clouds","04d","stations",300.05,302.67,300.05,300.05,1007,80,1007,983,10000,0.91,185,1.22,92,1636785725,"IN",1636764078,1636805660,19800,1253286,"Vellore",200,2021-11-13 12:45:24
79.1333,12.9333,804,"Clouds","overcast clouds","04d","stations",300.05,302.67,300.05,300.05,1007,80,1007,983,10000,0.91,185,1.22,92,1636786540,"IN",1636764078,1636805660,19800,1253286,"Vellore",200,2021-11-13 12:55:44
79.1333,12.9333,804,"Clouds","overcast clouds","04d","stations",300.05,302.67,300.05,300.05,1007,80,1007,983,10000,0.91,185,1.22,92,1636787440,"IN",1636764078,1636805660,19800,1253286,"Vellore",200,2021-11-13 13:10:41
79.1333,12.9333,804,"Clouds","overcast clouds","04d","stations",300.05,302.67,300.05,300.05,1007,80,1007,983,10000,0.91,185,1.22,92,1636788536,"IN",1636764078,1636805660,19800,1253286,"Vellore",200,2021-11-13 13:28:58
79.1333,12.9333,804,"Clouds","overcast clouds","04d","stations",300.05,302.67,300.05,300.05,1007,80,1007,983,10000,0.91,185,1.22,92,1636788536,"IN",1636764078,1636805660,19800,1253286,"Vellore",200,2021-11-13 13:33:31
79.1333,12.9333,803,"Clouds","broken clouds","04d","stations",300.95,304.2,300.95,300.95,1006,76,1006,982,10000,0.89,185,1.17,84,1636790719,"IN",1636764078,1636805660,19800,1253286,"Vellore",200,2021-11-13 14:10:16
79.1333,12.9333,803,"Clouds","broken clouds","04d","stations",300.95,304.2,300.95,300.95,1006,76,1006,982,10000,0.89,185,1.17,84,1636791912,"IN",1636764078,1636805660,19800,1253286,"Vellore",200,2021-11-13 14:28:42
79.1333,12.9333,803,"Clouds","broken clouds","04d","stations",301.42,304.95,301.42,301.42,1005,74,1005,982,10000,0.87,146,1.18,83,1636792780,"IN",1636764078,1636805660,19800,1253286,"Vellore",200,2021-11-13 14:39:43
79.1333,12.9333,803,"Clouds","broken clouds","04d","stations",301.42,304.95,301.42,301.42,1005,74,1005,982,10000,0.87,146,1.18,83,1636795408,"IN",1636764078,1636805660,19800,1253286,"Vellore",200,2021-11-13 15:23:29
79.1333,12.9333,803,"Clouds","broken clouds","04d","stations",301.42,304.95,301.42,301.42,1005,74,1005,982,10000,0.87,146,1.18,83,1636795408,"IN",1636764078,1636805660,19800,1253286,"Vellore",200,2021-11-13 15:33:18
79.1333,12.9333,804,"Clouds","overcast clouds","04d","stations",301.14,304.48,301.14,301.14,1005,75,1005,982,10000,0.72,103,0.98,86,1636796063,"IN",1636764078,1636805660,19800,1253286,"Vellore",200,2021-11-13 15:34:24
79.1333,12.9333,804,"Clouds","overcast clouds","04d","stations",301.14,304.48,301.14,301.14,1005,75,1005,982,10000,0.72,103,0.98,86,1636796730,"IN",1636764078,1636805660,19800,1253286,"Vellore",200,2021-11-13 15:45:31
79.1333,12.9333,804,"Clouds","overcast clouds","04d","stations",301.14,304.48,301.14,301.14,1005,75,1005,982,10000,0.72,103,0.98,86,1636797341,"IN",1636764078,1636805660,19800,1253286,"Vellore",200,2021-11-13 15:55:42
79.1333,12.9333,804,"Clouds","overcast clouds","04d","stations",301.14,304.48,301.14,301.14,1005,75,1005,982,10000,0.72,103,0.98,86,1636798246,"IN",1636764078,1636805660,19800,1253286,"Vellore",200,2021-11-13 16:10:47
79.1333,12.9333,804,"Clouds","overcast clouds","04d","stations",298.96,299.82,298.96,298.96,1007,85,1007,983,10000,1.2,87,1.35,90,1636803594,"IN",1636764078,1636805660,19800,1253286,"Vellore",200,2021-11-13 17:39:55
79.1333,12.9333,804,"Clouds","overcast clouds","04d","stations",298.96,299.82,298.96,298.96,1007,85,1007,983,10000,1.2,87,1.35,90,1636803594,"IN",1636764078,1636805660,19800,1253286,"Vellore",200,2021-11-13 17:40:41
79.1333,12.9333,804,"Clouds","overcast clouds","04d","stations",298.96,299.82,298.96,298.96,1007,85,1007,983,10000,1.2,87,1.35,90,1636804326,"IN",1636764078,1636805660,19800,1253286,"Vellore",200,2021-11-13 17:55:43
79.1333,12.9333,804,"Clouds","overcast clouds","04d","stations",298.96,299.82,298.96,298.96,1007,85,1007,983,10000,1.2,87,1.35,90,1636805137,"IN",1636764078,1636805660,19800,1253286,"Vellore",200,2021-11-13 18:07:18
79.1333,12.9333,804,"Clouds","overcast clouds","04n","stations",298.2,299.08,298.2,298.2,1007,89,1007,983,10000,1.17,84,1.54,100,1636806650,"IN",1636764078,1636805660,19800,1253286,"Vellore",200,2021-11-13 18:30:51
79.1333,12.9333,804,"Clouds","overcast clouds","04n","stations",298.2,299.08,298.2,298.2,1007,89,1007,983,10000,1.17,84,1.54,100,1636807922,"IN",1636764078,1636805660,19800,1253286,"Vellore",200,2021-11-13 18:52:03
79.1333,12.9333,804,"Clouds","overcast clouds","04n","stations",298.2,299.08,298.2,298.2,1007,89,1007,983,10000,1.17,84,1.54,100,1636809254,"IN",1636764078,1636805660,19800,1253286,"Vellore",200,2021-11-13 19:14:15
79.1333,12.9333,804,"Clouds","overcast clouds","04n","stations",298.2,299.08,298.2,298.2,1007,89,1007,983,10000,1.17,84,1.54,100,1636809254,"IN",1636764078,1636805660,19800,1253286,"Vellore",200,2021-11-13 19:18:45
79.1333,12.9333,804,"Clouds","overcast clouds","04n","stations",298.2,299.08,298.2,298.2,1007,89,1007,983,10000,1.17,84,1.54,100,1636809254,"IN",1636764078,1636805660,19800,1253286,"Vellore",200,2021-11-13 19:19:04
79.1333,12.9333,804,"Clouds","overcast clouds","04n","stations",298.2,299.08,298.2,298.2,1007,89,1007,983,10000,1.17,84,1.54,100,1636809254,"IN",1636764078,1636805660,19800,1253286,"Vellore",200,2021-11-13 19:19:04
79.1333,12.9333,804,"Clouds","overcast clouds","04n","stations",298.2,299.08,298.2,298.2,1007,89,1007,983,10000,1.17,84,1.54,100,1636809971,"IN",1636764078,1636805660,19800,1253286,"Vellore",200,2021-11-13 19:30:01
79.1333,12.9333,804,"Clouds","overcast clouds","04n","stations",298.2,299.08,298.2,298.2,1007,89,1007,983,10000,1.17,84,1.54,100,1636809971,"IN",1636764078,1636805660,19800,1253286,"Vellore",200,2021-11-13 19:34:08
79.1333,12.9333,804,"Clouds","overcast clouds","04n","stations",297.44,298.33,297.44,297.44,1008,92,1008,984,9700,1.1,92,1.55,100,1636810629,"IN",1636764078,1636805660,19800,1253286,"Vellore",200,2021-11-13 19:40:42
79.1333,12.9333,804,"Clouds","overcast clouds","04n","stations",297.44,298.33,297.44,297.44,1008,92,1008,984,9700,1.1,92,1.55,100,1636811594,"IN",1636764078,1636805660,19800,1253286,"Vellore",200,2021-11-13 19:53:15
79.1333,12.9333,804,"Clouds","overcast clouds","04n","stations",297.44,298.33,297.44,297.44,1008,92,1008,984,9700,1.1,92,1.55,100,1636811594,"IN",1636764078,1636805660,19800,1253286,"Vellore",200,2021-11-13 19:55:43
79.1333,12.9333,804,"Clouds","overcast clouds","04n","stations",297.44,298.33,297.44,297.44,1008,92,1008,984,9700,1.1,92,1.55,100,1636812402,"IN",1636764078,1636805660,19800,1253286,"Vellore",200,2021-11-13 20:10:42
79.1333,12.9333,804,"Clouds","overcast clouds","04n","stations",297.44,298.33,297.44,297.44,1008,92,1008,984,9700,1.1,92,1.55,100,1636813543,"IN",1636764078,1636805660,19800,1253286,"Vellore",200,2021-11-13 20:25:44
79.1333,12.9333,804,"Clouds","overcast clouds","04n","stations",297.2,298.12,297.2,297.2,1009,94,1009,985,10000,1.14,87,1.54,100,1636814167,"IN",1636764078,1636805660,19800,1253286,"Vellore",200,2021-11-13 20:40:42
79.1333,12.9333,804,"Clouds","overcast clouds","04n","stations",297.2,298.12,297.2,297.2,1009,94,1009,985,10000,1.14,87,1.54,100,1636815341,"IN",1636764078,1636805660,19800,1253286,"Vellore",200,2021-11-13 20:55:42
79.1333,12.9333,804,"Clouds","overcast clouds","04n","stations",297.2,298.12,297.2,297.2,1009,94,1009,985,10000,1.14,87,1.54,100,1636816043,"IN",1636764078,1636805660,19800,1253286,"Vellore",200,2021-11-13 21:10:42
79.1333,12.9333,804,"Clouds","overcast clouds","04n","stations",296.66,297.57,296.66,296.66,1009,96,1009,985,6255,0.6,115,1.15,100,1636821449,"IN",1636764078,1636805660,19800,1253286,"Vellore",200,2021-11-13 22:37:30
79.1333,12.9333,804,"Clouds","overcast clouds","04n","stations",296.66,297.57,296.66,296.66,1009,96,1009,985,6255,0.6,115,1.15,100,1636822971,"IN",1636764078,1636805660,19800,1253286,"Vellore",200,2021-11-13 23:02:52
79.1333,12.9333,804,"Clouds","overcast clouds","04n","stations",296.66,297.57,296.66,296.66,1009,96,1009,985,6255,0.6,115,1.15,100,1636824023,"IN",1636764078,1636805660,19800,1253286,"Vellore",200,2021-11-13 23:20:24
79.1333,12.9333,804,"Clouds","overcast clouds","04n","stations",296.66,297.57,296.66,296.66,1009,96,1009,985,6255,0.6,115,1.15,100,1636824023,"IN",1636764078,1636805660,19800,1253286,"Vellore",200,2021-11-13 23:24:10
79.1333,12.9333,804,"Clouds","overcast clouds","04n","stations",296.66,297.57,296.66,296.66,1009,96,1009,985,6255,0.6,115,1.15,100,1636824023,"IN",1636764078,1636805660,19800,1253286,"Vellore",200,2021-11-13 23:33:09
79.1333,12.9333,501,"Rain","moderate rain","10d","stations",300.24,303.6,300.24,300.24,1006,85,1006,982,10000,3.99,82,5.36,3.65,67,1636887302,"IN",1636850503,1636892054,19800,1253286,"Vellore",200,2021-11-14 16:55:04
79.1333,12.9333,501,"Rain","moderate rain","10d","stations",300.24,303.6,300.24,300.24,1006,85,1006,982,10000,3.99,82,5.36,3.65,67,1636888086,"IN",1636850503,1636892054,19800,1253286,"Vellore",200,2021-11-14 17:08:09
79.1333,12.9333,803,"Clouds","broken clouds","04d","stations",298.48,299.39,298.48,298.48,1006,89,1006,983,9630,4.08,87,6.7,73,1636891935,"IN",1636850503,1636892054,19800,1253286,"Vellore",200,2021-11-14 18:12:18
79.1333,12.9333,500,"Rain","light rain","10n","stations",298.48,299.39,298.48,298.48,1006,89,1006,983,9630,4.08,87,6.7,0.23,73,1636892585,"IN",1636850503,1636892054,19800,1253286,"Vellore",200,2021-11-14 18:23:08
79.1333,12.9333,500,"Rain","light rain","10n","stations",297.78,298.7,297.78,297.78,1008,92,1008,984,10000,3.3,89,7.23,0.49,100,1636893025,"IN",1636850503,1636892054,19800,1253286,"Vellore",200,2021-11-14 18:31:11
79.1333,12.9333,500,"Rain","light rain","10n","stations",297.78,298.7,297.78,297.78,1008,92,1008,984,10000,3.3,89,7.23,0.49,100,1636893780,"IN",1636850503,1636892054,19800,1253286,"Vellore",200,2021-11-14 18:51:12
79.1333,12.9333,502,"Rain","heavy intensity rain","10n","stations",297.78,298.7,297.78,297.78,1008,92,1008,984,10000,3.3,89,7.23,8.65,100,1636895117,"IN",1636850503,1636892054,19800,1253286,"Vellore",200,2021-11-14 19:08:08
79.1333,12.9333,500,"Rain","light rain","10n","stations",297.78,298.7,297.78,297.78,1008,92,1008,984,10000,3.3,89,7.23,0.11,100,1636896186,"IN",1636850503,1636892054,19800,1253286,"Vellore",200,2021-11-14 19:23:09
79.1333,12.9333,500,"Rain","light rain","10n","stations",297.64,298.57,297.64,297.64,1008,93,1008,985,10000,2.34,97,5.04,0.13,100,1636896965,"IN",1636850503,1636892054,19800,1253286,"Vellore",200,2021-11-14 19:38:08
79.1333,12.9333,804,"Clouds","overcast clouds","04n","stations",297.64,298.57,297.64,297.64,1008,93,1008,985,10000,2.34,97,5.04,100,1636897342,"IN",1636850503,1636892054,19800,1253286,"Vellore",200,2021-11-14 19:42:25
79.1333,12.9333,804,"Clouds","overcast clouds","04n","stations",297.64,298.57,297.64,297.64,1008,93,1008,985,10000,2.34,97,5.04,100,1636897744,"IN",1636850503,1636892054,19800,1253286,"Vellore",200,2021-11-14 19:49:04
79.1333,12.9333,804,"Clouds","overcast clouds","04n","stations",297.64,298.57,297.64,297.64,1008,93,1008,985,10000,2.34,97,5.04,100,1636897744,"IN",1636850503,1636892054,19800,1253286,"Vellore",200,2021-11-14 19:53:09
79.1333,12.9333,804,"Clouds","overcast clouds","04n","stations",297.64,298.57,297.64,297.64,1008,93,1008,985,10000,2.34,97,5.04,100,1636898729,"IN",1636850503,1636892054,19800,1253286,"Vellore",200,2021-11-14 20:08:08
79.1333,12.9333,804,"Clouds","overcast clouds","04n","stations",297.64,298.57,297.64,297.64,1008,93,1008,985,10000,2.34,97,5.04,100,1636899789,"IN",1636850503,1636892054,19800,1253286,"Vellore",200,2021-11-14 20:23:09
79.1333,12.9333,804,"Clouds","overcast clouds","04n","stations",297.45,298.39,297.45,297.45,1009,94,1009,985,10000,2.25,94,5.09,100,1636900449,"IN",1636850503,1636892054,19800,1253286,"Vellore",200,2021-11-14 20:38:07
79.1333,12.9333,804,"Clouds","overcast clouds","04n","stations",297.45,298.39,297.45,297.45,1009,94,1009,985,10000,2.25,94,5.09,100,1636901324,"IN",1636850503,1636892054,19800,1253286,"Vellore",200,2021-11-14 20:49:04
79.1333,12.9333,804,"Clouds","overcast clouds","04n","stations",297.45,298.39,297.45,297.45,1009,94,1009,985,10000,2.25,94,5.09,100,1636901324,"IN",1636850503,1636892054,19800,1253286,"Vellore",200,2021-11-14 20:53:07
79.1333,12.9333,804,"Clouds","overcast clouds","04n","stations",297.45,298.39,297.45,297.45,1009,94,1009,985,10000,2.25,94,5.09,100,1636901324,"IN",1636850503,1636892054,19800,1253286,"Vellore",200,2021-11-14 20:57:26
79.1333,12.9333,804,"Clouds","overcast clouds","04n","stations",297.45,298.39,297.45,297.45,1009,94,1009,985,10000,2.25,94,5.09,100,1636901981,"IN",1636850503,1636892054,19800,1253286,"Vellore",200,2021-11-14 21:04:04
79.1333,12.9333,804,"Clouds","overcast clouds","04n","stations",297.45,298.39,297.45,297.45,1009,94,1009,985,10000,2.25,94,5.09,100,1636902295,"IN",1636850503,1636892054,19800,1253286,"Vellore",200,2021-11-14 21:08:07
79.1333,12.9333,804,"Clouds","overcast clouds","04n","stations",297.12,298.08,297.12,297.12,1009,96,1009,985,10000,2.01,95,4.34,100,1636904340,"IN",1636850503,1636892054,19800,1253286,"Vellore",200,2021-11-14 21:42:29
79.1333,12.9333,804,"Clouds","overcast clouds","04n","stations",297.12,298.08,297.12,297.12,1009,96,1009,985,10000,2.01,95,4.34,100,1636904340,"IN",1636850503,1636892054,19800,1253286,"Vellore",200,2021-11-14 21:49:08
79.1333,12.9333,804,"Clouds","overcast clouds","04n","stations",297.12,298.08,297.12,297.12,1009,96,1009,985,10000,2.01,95,4.34,100,1636905191,"IN",1636850503,1636892054,19800,1253286,"Vellore",200,2021-11-14 21:53:11
79.1333,12.9333,804,"Clouds","overcast clouds","04n","stations",297.12,298.08,297.12,297.12,1009,96,1009,985,10000,2.01,95,4.34,100,1636905191,"IN",1636850503,1636892054,19800,1253286,"Vellore",200,2021-11-14 21:57:27
79.1333,12.9333,804,"Clouds","overcast clouds","04n","stations",297.12,298.08,297.12,297.12,1009,96,1009,985,10000,2.01,95,4.34,100,1636905688,"IN",1636850503,1636892054,19800,1253286,"Vellore",200,2021-11-14 22:04:06
79.1333,12.9333,804,"Clouds","overcast clouds","04n","stations",297.12,298.08,297.12,297.12,1009,96,1009,985,10000,2.01,95,4.34,100,1636905688,"IN",1636850503,1636892054,19800,1253286,"Vellore",200,2021-11-14 22:08:08
79.1333,12.9333,804,"Clouds","overcast clouds","04n","stations",297.12,298.08,297.12,297.12,1009,96,1009,985,10000,2.01,95,4.34,100,1636906347,"IN",1636850503,1636892054,19800,1253286,"Vellore",200,2021-11-14 22:12:27
79.1333,12.9333,804,"Clouds","overcast clouds","04n","stations",297.12,298.08,297.12,297.12,1009,96,1009,985,10000,2.01,95,4.34,100,1636906347,"IN",1636850503,1636892054,19800,1253286,"Vellore",200,2021-11-14 22:19:04
79.1333,12.9333,804,"Clouds","overcast clouds","04n","stations",297.34,298.3,297.34,297.34,1009,95,1009,985,10000,2.25,83,5.64,86,1636906987,"IN",1636850503,1636892054,19800,1253286,"Vellore",200,2021-11-14 22:23:07
79.1333,12.9333,804,"Clouds","overcast clouds","04n","stations",297.34,298.3,297.34,297.34,1009,95,1009,985,10000,2.25,83,5.64,86,1636907361,"IN",1636850503,1636892054,19800,1253286,"Vellore",200,2021-11-14 22:34:05
79.1333,12.9333,804,"Clouds","overcast clouds","04n","stations",297.34,298.3,297.34,297.34,1009,95,1009,985,10000,2.25,83,5.64,86,1636907361,"IN",1636850503,1636892054,19800,1253286,"Vellore",200,2021-11-14 22:38:07
79.1333,12.9333,804,"Clouds","overcast clouds","04n","stations",297,297.95,297,297,1009,96,1009,985,10000,1.86,88,4.8,88,1636909045,"IN",1636850503,1636892054,19800,1253286,"Vellore",200,2021-11-14 22:57:25
79.1333,12.9333,804,"Clouds","overcast clouds","04n","stations",297,297.95,297,297,1009,96,1009,985,10000,1.86,88,4.8,88,1636909045,"IN",1636850503,1636892054,19800,1253286,"Vellore",200,2021-11-14 23:04:04
79.1333,12.9333,804,"Clouds","overcast clouds","04n","stations",297,297.95,297,297,1009,96,1009,985,10000,1.86,88,4.8,88,1636909687,"IN",1636850503,1636892054,19800,1253286,"Vellore",200,2021-11-14 23:08:07
79.1333,12.9333,804,"Clouds","overcast clouds","04n","stations",297,297.95,297,297,1009,96,1009,985,10000,1.86,88,4.8,88,1636909687,"IN",1636850503,1636892054,19800,1253286,"Vellore",200,2021-11-14 23:12:25
79.1333,12.9333,804,"Clouds","overcast clouds","04n","stations",297,297.95,297,297,1009,96,1009,985,10000,1.86,88,4.8,88,1636910243,"IN",1636850503,1636892054,19800,1253286,"Vellore",200,2021-11-14 23:19:04
79.1333,12.9333,804,"Clouds","overcast clouds","04n","stations",297,297.95,297,297,1009,96,1009,985,10000,1.86,88,4.8,88,1636910243,"IN",1636850503,1636892054,19800,1253286,"Vellore",200,2021-11-14 23:23:07
79.1333,12.9333,804,"Clouds","overcast clouds","04n","stations",297,297.95,297,297,1009,96,1009,985,10000,1.86,88,4.8,88,1636910845,"IN",1636850503,1636892054,19800,1253286,"Vellore",200,2021-11-14 23:27:25
79.1333,12.9333,804,"Clouds","overcast clouds","04n","stations",297,297.95,297,297,1009,96,1009,985,10000,1.86,88,4.8,88,1636910845,"IN",1636850503,1636892054,19800,1253286,"Vellore",200,2021-11-14 23:34:04
79.1333,12.9333,804,"Clouds","overcast clouds","04n","stations",296.79,297.74,296.79,296.79,1009,97,1009,985,10000,1.37,81,2.19,90,1636911487,"IN",1636850503,1636892054,19800,1253286,"Vellore",200,2021-11-14 23:38:07
79.1333,12.9333,804,"Clouds","overcast clouds","04n","stations",296.79,297.74,296.79,296.79,1009,97,1009,985,10000,1.37,81,2.19,90,1636912389,"IN",1636850503,1636892054,19800,1253286,"Vellore",200,2021-11-14 23:53:09
79.1333,12.9333,804,"Clouds","overcast clouds","04n","stations",296.79,297.74,296.79,296.79,1009,97,1009,985,10000,1.37,81,2.19,90,1636913021,"IN",1636850503,1636892054,19800,1253286,"Vellore",200,2021-11-15 00:08:09
79.1333,12.9333,803,"Clouds","broken clouds","04n","stations",296.82,297.75,296.82,296.82,1009,96,1009,985,10000,1.26,81,1.4,81,1636914079,"IN",1636850503,1636892054,19800,1253286,"Vellore",200,2021-11-15 00:21:19
79.1333,12.9333,803,"Clouds","broken clouds","04n","stations",296.82,297.75,296.82,296.82,1009,96,1009,985,10000,1.26,81,1.4,81,1636914079,"IN",1636850503,1636892054,19800,1253286,"Vellore",200,2021-11-15 00:23:09
79.1333,12.9333,803,"Clouds","broken clouds","04n","stations",296.65,297.59,296.65,296.65,1008,97,1008,984,10000,1.21,65,1.44,74,1636914794,"IN",1636936929,1636978449,19800,1253286,"Vellore",200,2021-11-15 00:38:09
79.1333,12.9333,802,"Clouds","scattered clouds","03d","stations",297.48,298.32,297.48,297.48,1009,90,1009,985,10000,1,356,1.2,34,1636940634,"IN",1636936929,1636978449,19800,1253286,"Vellore",200,2021-11-15 07:43:53
79.1333,12.9333,802,"Clouds","scattered clouds","03d","stations",297.48,298.32,297.48,297.48,1009,90,1009,985,10000,1,356,1.2,34,1636940724,"IN",1636936929,1636978449,19800,1253286,"Vellore",200,2021-11-15 07:49:05
79.1333,12.9333,802,"Clouds","scattered clouds","03d","stations",297.48,298.32,297.48,297.48,1009,90,1009,985,10000,1,356,1.2,34,1636940724,"IN",1636936929,1636978449,19800,1253286,"Vellore",200,2021-11-15 07:53:07
79.1333,12.9333,802,"Clouds","scattered clouds","03d","stations",297.48,298.32,297.48,297.48,1009,90,1009,985,10000,1,356,1.2,34,1636940724,"IN",1636936929,1636978449,19800,1253286,"Vellore",200,2021-11-15 07:57:25
79.1333,12.9333,802,"Clouds","scattered clouds","03d","stations",297.48,298.32,297.48,297.48,1009,90,1009,985,10000,1,356,1.2,34,1636941826,"IN",1636936929,1636978449,19800,1253286,"Vellore",200,2021-11-15 08:04:14
79.1333,12.9333,802,"Clouds","scattered clouds","03d","stations",297.48,298.32,297.48,297.48,1009,90,1009,985,10000,1,356,1.2,34,1636941826,"IN",1636936929,1636978449,19800,1253286,"Vellore",200,2021-11-15 08:08:07
79.1333,12.9333,802,"Clouds","scattered clouds","03d","stations",297.48,298.32,297.48,297.48,1009,90,1009,985,10000,1,356,1.2,34,1636943246,"IN",1636936929,1636978449,19800,1253286,"Vellore",200,2021-11-15 08:27:25
79.1333,12.9333,802,"Clouds","scattered clouds","03d","stations",297.48,298.32,297.48,297.48,1009,90,1009,985,10000,1,356,1.2,34,1636943246,"IN",1636936929,1636978449,19800,1253286,"Vellore",200,2021-11-15 08:34:04
79.1333,12.9333,802,"Clouds","scattered clouds","03d","stations",298.8,299.64,298.8,298.8,1009,85,1009,986,10000,1.22,358,1.48,47,1636943637,"IN",1636936929,1636978449,19800,1253286,"Vellore",200,2021-11-15 08:38:07
79.1333,12.9333,802,"Clouds","scattered clouds","03d","stations",298.8,299.64,298.8,298.8,1009,85,1009,986,10000,1.22,358,1.48,47,1636944787,"IN",1636936929,1636978449,19800,1253286,"Vellore",200,2021-11-15 08:53:07
79.1333,12.9333,802,"Clouds","scattered clouds","03d","stations",298.8,299.64,298.8,298.8,1009,85,1009,986,10000,1.22,358,1.48,47,1636945689,"IN",1636936929,1636978449,19800,1253286,"Vellore",200,2021-11-15 09:08:08
79.1333,12.9333,500,"Rain","light rain","10d","stations",298.8,299.64,298.8,298.8,1009,85,1009,986,10000,1.22,358,1.48,0.75,47,1636946567,"IN",1636936929,1636978449,19800,1253286,"Vellore",200,2021-11-15 09:23:11
79.1333,12.9333,803,"Clouds","broken clouds","04d","stations",299.41,299.41,299.41,299.41,1009,82,1009,986,10000,1.38,346,1.77,59,1636947486,"IN",1636936929,1636978449,19800,1253286,"Vellore",200,2021-11-15 09:38:06
79.1333,12.9333,803,"Clouds","broken clouds","04d","stations",299.41,299.41,299.41,299.41,1009,82,1009,986,10000,1.38,346,1.77,59,1636947486,"IN",1636936929,1636978449,19800,1253286,"Vellore",200,2021-11-15 09:38:07
79.1333,12.9333,803,"Clouds","broken clouds","04d","stations",299.41,299.41,299.41,299.41,1009,82,1009,986,10000,1.38,346,1.77,59,1636947486,"IN",1636936929,1636978449,19800,1253286,"Vellore",200,2021-11-15 09:49:04
79.1333,12.9333,803,"Clouds","broken clouds","04d","stations",299.41,299.41,299.41,299.41,1009,82,1009,986,10000,1.38,346,1.77,59,1636948167,"IN",1636936929,1636978449,19800,1253286,"Vellore",200,2021-11-15 09:53:08
79.1333,12.9333,803,"Clouds","broken clouds","04d","stations",299.41,299.41,299.41,299.41,1009,82,1009,986,10000,1.38,346,1.77,59,1636948167,"IN",1636936929,1636978449,19800,1253286,"Vellore",200,2021-11-15 09:57:26
79.1333,12.9333,803,"Clouds","broken clouds","04d","stations",299.41,299.41,299.41,299.41,1009,82,1009,986,10000,1.38,346,1.77,59,1636948801,"IN",1636936929,1636978449,19800,1253286,"Vellore",200,2021-11-15 10:04:04
79.1333,12.9333,803,"Clouds","broken clouds","04d","stations",299.41,299.41,299.41,299.41,1009,82,1009,986,10000,1.38,346,1.77,59,1636949287,"IN",1636936929,1636978449,19800,1253286,"Vellore",200,2021-11-15 10:08:07
79.1333,12.9333,803,"Clouds","broken clouds","04d","stations",299.41,299.41,299.41,299.41,1009,82,1009,986,10000,1.38,346,1.77,59,1636949287,"IN",1636936929,1636978449,19800,1253286,"Vellore",200,2021-11-15 10:12:26
79.1333,12.9333,803,"Clouds","broken clouds","04d","stations",299.41,299.41,299.41,299.41,1009,82,1009,986,10000,1.38,346,1.77,59,1636949946,"IN",1636936929,1636978449,19800,1253286,"Vellore",200,2021-11-15 10:19:05
79.1333,12.9333,803,"Clouds","broken clouds","04d","stations",299.41,299.41,299.41,299.41,1009,82,1009,986,10000,1.38,346,1.77,59,1636949946,"IN",1636936929,1636978449,19800,1253286,"Vellore",200,2021-11-15 10:23:08
79.1333,12.9333,803,"Clouds","broken clouds","04d","stations",299.41,299.41,299.41,299.41,1009,82,1009,986,10000,1.38,346,1.77,59,1636949946,"IN",1636936929,1636978449,19800,1253286,"Vellore",200,2021-11-15 10:27:26
79.1333,12.9333,500,"Rain","light rain","10d","stations",299.93,302.33,299.93,299.93,1009,79,1009,985,10000,1.1,6,1.72,0.47,67,1636951088,"IN",1636936929,1636978449,19800,1253286,"Vellore",200,2021-11-15 10:38:07
79.1333,12.9333,500,"Rain","light rain","10d","stations",299.93,302.33,299.93,299.93,1009,79,1009,985,10000,1.1,6,1.72,0.47,67,1636951088,"IN",1636936929,1636978449,19800,1253286,"Vellore",200,2021-11-15 10:42:32
79.1333,12.9333,803,"Clouds","broken clouds","04d","stations",299.93,302.33,299.93,299.93,1009,79,1009,985,10000,1.1,6,1.72,67,1636951750,"IN",1636936929,1636978449,19800,1253286,"Vellore",200,2021-11-15 10:49:10
79.1333,12.9333,803,"Clouds","broken clouds","04d","stations",299.93,302.33,299.93,299.93,1009,79,1009,985,10000,1.1,6,1.72,67,1636951750,"IN",1636936929,1636978449,19800,1253286,"Vellore",200,2021-11-15 10:53:07
79.1333,12.9333,803,"Clouds","broken clouds","04d","stations",299.93,302.33,299.93,299.93,1009,79,1009,985,10000,1.1,6,1.72,67,1636952646,"IN",1636936929,1636978449,19800,1253286,"Vellore",200,2021-11-15 11:04:06
79.1333,12.9333,803,"Clouds","broken clouds","04d","stations",299.93,302.33,299.93,299.93,1009,79,1009,985,10000,1.1,6,1.72,67,1636952646,"IN",1636936929,1636978449,19800,1253286,"Vellore",200,2021-11-15 11:08:12
79.1333,12.9333,803,"Clouds","broken clouds","04d","stations",299.93,302.33,299.93,299.93,1009,79,1009,985,10000,1.1,6,1.72,67,1636952646,"IN",1636936929,1636978449,19800,1253286,"Vellore",200,2021-11-15 11:12:31
79.1333,12.9333,803,"Clouds","broken clouds","04d","stations",299.93,302.33,299.93,299.93,1009,79,1009,985,10000,1.1,6,1.72,67,1636953380,"IN",1636936929,1636978449,19800,1253286,"Vellore",200,2021-11-15 11:19:06
79.1333,12.9333,501,"Rain","moderate rain","10d","stations",299.93,302.33,299.93,299.93,1009,79,1009,985,10000,1.1,6,1.72,1.12,67,1636953829,"IN",1636936929,1636978449,19800,1253286,"Vellore",200,2021-11-15 11:27:27
79.1333,12.9333,501,"Rain","moderate rain","10d","stations",300.96,303.96,300.96,300.96,1008,74,1008,984,10000,1.21,36,1.97,1.78,72,1636954209,"IN",1636936929,1636978449,19800,1253286,"Vellore",200,2021-11-15 11:34:06
79.1333,12.9333,803,"Clouds","broken clouds","04d","stations",300.96,303.96,300.96,300.96,1008,74,1008,984,10000,1.21,36,1.97,72,1636955588,"IN",1636936929,1636978449,19800,1253286,"Vellore",200,2021-11-15 11:53:08
79.1333,12.9333,803,"Clouds","broken clouds","04d","stations",300.96,303.96,300.96,300.96,1008,74,1008,984,10000,1.21,36,1.97,72,1636956491,"IN",1636936929,1636978449,19800,1253286,"Vellore",200,2021-11-15 12:08:11
79.1333,12.9333,802,"Clouds","scattered clouds","03d","stations",302.49,306.23,302.49,302.49,1007,68,1007,984,10000,2.19,26,2.45,35,1636957152,"IN",1636936929,1636978449,19800,1253286,"Vellore",200,2021-11-15 12:23:13
79.1333,12.9333,803,"Clouds","broken clouds","04d","stations",303.24,307.23,303.24,303.24,1006,65,1006,982,10000,2.48,37,2.59,64,1636958195,"IN",1636936929,1636978449,19800,1253286,"Vellore",200,2021-11-15 12:38:07
79.1333,12.9333,500,"Rain","light rain","10d","stations",303.24,307.23,303.24,303.24,1006,65,1006,982,10000,2.48,37,2.59,0.11,64,1636958561,"IN",1636936929,1636978449,19800,1253286,"Vellore",200,2021-11-15 12:42:42
79.1333,12.9333,803,"Clouds","broken clouds","04d","stations",303.24,307.23,303.24,303.24,1006,65,1006,982,10000,2.48,37,2.59,64,1636958945,"IN",1636936929,1636978449,19800,1253286,"Vellore",200,2021-11-15 12:49:04
79.1333,12.9333,803,"Clouds","broken clouds","04d","stations",303.24,307.23,303.24,303.24,1006,65,1006,982,10000,2.48,37,2.59,64,1636958945,"IN",1636936929,1636978449,19800,1253286,"Vellore",200,2021-11-15 12:53:07
79.1333,12.9333,803,"Clouds","broken clouds","04d","stations",303.24,307.23,303.24,303.24,1006,65,1006,982,10000,2.48,37,2.59,64,1636958945,"IN",1636936929,1636978449,19800,1253286,"Vellore",200,2021-11-15 12:57:25
79.1333,12.9333,500,"Rain","light rain","10d","stations",303.24,307.23,303.24,303.24,1006,65,1006,982,10000,2.48,37,2.59,0.18,64,1636959845,"IN",1636936929,1636978449,19800,1253286,"Vellore",200,2021-11-15 13:04:04
79.1333,12.9333,500,"Rain","light rain","10d","stations",303.24,307.23,303.24,303.24,1006,65,1006,982,10000,2.48,37,2.59,0.18,64,1636959845,"IN",1636936929,1636978449,19800,1253286,"Vellore",200,2021-11-15 13:08:08
79.1333,12.9333,500,"Rain","light rain","10d","stations",303.24,307.23,303.24,303.24,1006,65,1006,982,10000,2.48,37,2.59,0.18,64,1636959845,"IN",1636936929,1636978449,19800,1253286,"Vellore",200,2021-11-15 13:12:25
79.1333,12.9333,803,"Clouds","broken clouds","04d","stations",303.24,307.23,303.24,303.24,1006,65,1006,982,10000,2.48,37,2.59,64,1636960669,"IN",1636936929,1636978449,19800,1253286,"Vellore",200,2021-11-15 13:19:09
79.1333,12.9333,803,"Clouds","broken clouds","04d","stations",303.24,307.23,303.24,303.24,1006,65,1006,982,10000,2.48,37,2.59,64,1636960669,"IN",1636936929,1636978449,19800,1253286,"Vellore",200,2021-11-15 13:23:12
79.1333,12.9333,500,"Rain","light rain","10d","stations",302.79,306.89,302.79,302.79,1003,68,1003,980,10000,2.92,63,3.21,0.65,79,1636965489,"IN",1636936929,1636978449,19800,1253286,"Vellore",200,2021-11-15 14:38:09
79.1333,12.9333,500,"Rain","light rain","10d","stations",302.79,306.89,302.79,302.79,1003,68,1003,980,10000,2.92,63,3.21,0.65,79,1636965489,"IN",1636936929,1636978449,19800,1253286,"Vellore",200,2021-11-15 14:42:27
79.1333,12.9333,500,"Rain","light rain","10d","stations",302.79,306.89,302.79,302.79,1003,68,1003,980,10000,2.92,63,3.21,0.65,79,1636965489,"IN",1636936929,1636978449,19800,1253286,"Vellore",200,2021-11-15 14:49:06
79.1333,12.9333,803,"Clouds","broken clouds","04d","stations",302.79,306.89,302.79,302.79,1003,68,1003,980,10000,2.92,63,3.21,79,1636966292,"IN",1636936929,1636978449,19800,1253286,"Vellore",200,2021-11-15 14:53:08
79.1333,12.9333,803,"Clouds","broken clouds","04d","stations",302.79,306.89,302.79,302.79,1003,68,1003,980,10000,2.92,63,3.21,79,1636966292,"IN",1636936929,1636978449,19800,1253286,"Vellore",200,2021-11-15 14:57:25
79.1333,12.9333,803,"Clouds","broken clouds","04d","stations",302.79,306.89,302.79,302.79,1003,68,1003,980,10000,2.92,63,3.21,79,1636967047,"IN",1636936929,1636978449,19800,1253286,"Vellore",200,2021-11-15 15:04:06
79.1333,12.9333,500,"Rain","light rain","10d","stations",302.79,306.89,302.79,302.79,1003,68,1003,980,10000,2.92,63,3.21,0.13,79,1636967443,"IN",1636936929,1636978449,19800,1253286,"Vellore",200,2021-11-15 15:12:26
79.1333,12.9333,500,"Rain","light rain","10d","stations",302.79,306.89,302.79,302.79,1003,68,1003,980,10000,2.92,63,3.21,0.13,79,1636967443,"IN",1636936929,1636978449,19800,1253286,"Vellore",200,2021-11-15 15:19:05
79.1333,12.9333,803,"Clouds","broken clouds","04d","stations",300.53,303.87,300.53,300.53,1004,81,1004,980,10000,2.84,100,4.36,82,1636972211,"IN",1636936929,1636978449,19800,1253286,"Vellore",200,2021-11-15 16:30:11
79.1333,12.9333,803,"Clouds","broken clouds","04d","stations",300.53,303.87,300.53,300.53,1004,81,1004,980,10000,2.84,100,4.36,82,1636972443,"IN",1636936929,1636978449,19800,1253286,"Vellore",200,2021-11-15 16:38:08
79.1333,12.9333,803,"Clouds","broken clouds","04d","stations",300.53,303.87,300.53,300.53,1004,81,1004,980,10000,2.84,100,4.36,82,1636972443,"IN",1636936929,1636978449,19800,1253286,"Vellore",200,2021-11-15 16:42:25
79.1333,12.9333,803,"Clouds","broken clouds","04d","stations",300.53,303.87,300.53,300.53,1004,81,1004,980,10000,2.84,100,4.36,82,1636973346,"IN",1636936929,1636978449,19800,1253286,"Vellore",200,2021-11-15 16:49:05
79.1333,12.9333,803,"Clouds","broken clouds","04d","stations",300.53,303.87,300.53,300.53,1004,81,1004,980,10000,2.84,100,4.36,82,1636973346,"IN",1636936929,1636978449,19800,1253286,"Vellore",200,2021-11-15 16:53:08
79.1333,12.9333,803,"Clouds","broken clouds","04d","stations",300.53,303.87,300.53,300.53,1004,81,1004,980,10000,2.84,100,4.36,82,1636973691,"IN",1636936929,1636978449,19800,1253286,"Vellore",200,2021-11-15 16:57:26
79.1333,12.9333,803,"Clouds","broken clouds","04d","stations",300.53,303.87,300.53,300.53,1004,81,1004,980,10000,2.84,100,4.36,82,1636974045,"IN",1636936929,1636978449,19800,1253286,"Vellore",200,2021-11-15 17:04:17
79.1333,12.9333,803,"Clouds","broken clouds","04d","stations",300.53,303.87,300.53,300.53,1004,81,1004,980,10000,2.84,100,4.36,82,1636974045,"IN",1636936929,1636978449,19800,1253286,"Vellore",200,2021-11-15 17:08:07
79.1333,12.9333,803,"Clouds","broken clouds","04d","stations",300.53,303.87,300.53,300.53,1004,81,1004,980,10000,2.84,100,4.36,82,1636974778,"IN",1636936929,1636978449,19800,1253286,"Vellore",200,2021-11-15 17:12:57
79.1333,12.9333,803,"Clouds","broken clouds","04d","stations",300.53,303.87,300.53,300.53,1004,81,1004,980,10000,2.84,100,4.36,82,1636974778,"IN",1636936929,1636978449,19800,1253286,"Vellore",200,2021-11-15 17:19:04
79.1333,12.9333,803,"Clouds","broken clouds","04d","stations",300.53,303.87,300.53,300.53,1004,81,1004,980,10000,2.84,100,4.36,82,1636975207,"IN",1636936929,1636978449,19800,1253286,"Vellore",200,2021-11-15 17:23:51
79.1333,12.9333,803,"Clouds","broken clouds","04d","stations",300.53,303.87,300.53,300.53,1004,81,1004,980,10000,2.84,100,4.36,82,1636975207,"IN",1636936929,1636978449,19800,1253286,"Vellore",200,2021-11-15 17:27:53
79.1333,12.9333,804,"Clouds","overcast clouds","04d","stations",299.13,299.13,299.13,299.13,1005,86,1005,981,10000,2.32,104,3.34,85,1636976046,"IN",1636936929,1636978449,19800,1253286,"Vellore",200,2021-11-15 17:34:06
79.1333,12.9333,804,"Clouds","overcast clouds","04d","stations",299.13,299.13,299.13,299.13,1005,86,1005,981,10000,2.32,104,3.34,85,1636976046,"IN",1636936929,1636978449,19800,1253286,"Vellore",200,2021-11-15 17:38:07
79.1333,12.9333,804,"Clouds","overcast clouds","04d","stations",299.13,299.13,299.13,299.13,1005,86,1005,981,10000,2.32,104,3.34,85,1636976046,"IN",1636936929,1636978449,19800,1253286,"Vellore",200,2021-11-15 17:42:25
79.1333,12.9333,804,"Clouds","overcast clouds","04d","stations",299.13,299.13,299.13,299.13,1005,86,1005,981,10000,2.32,104,3.34,85,1636976945,"IN",1636936929,1636978449,19800,1253286,"Vellore",200,2021-11-15 17:49:04
79.1333,12.9333,804,"Clouds","overcast clouds","04d","stations",299.13,299.13,299.13,299.13,1005,86,1005,981,10000,2.32,104,3.34,85,1636977077,"IN",1636936929,1636978449,19800,1253286,"Vellore",200,2021-11-15 17:53:07
79.1333,12.9333,804,"Clouds","overcast clouds","04d","stations",299.13,299.13,299.13,299.13,1005,86,1005,981,10000,2.32,104,3.34,85,1636977077,"IN",1636936929,1636978449,19800,1253286,"Vellore",200,2021-11-15 17:57:25
79.1333,12.9333,804,"Clouds","overcast clouds","04d","stations",299.13,299.13,299.13,299.13,1005,86,1005,981,10000,2.32,104,3.34,85,1636977703,"IN",1636936929,1636978449,19800,1253286,"Vellore",200,2021-11-15 18:04:04
79.1333,12.9333,804,"Clouds","overcast clouds","04d","stations",299.13,299.13,299.13,299.13,1005,86,1005,981,10000,2.32,104,3.34,85,1636977703,"IN",1636936929,1636978449,19800,1253286,"Vellore",200,2021-11-15 18:08:07
79.1333,12.9333,804,"Clouds","overcast clouds","04n","stations",299.13,299.13,299.13,299.13,1005,86,1005,981,10000,2.32,104,3.34,85,1636979247,"IN",1636936929,1636978449,19800,1253286,"Vellore",200,2021-11-15 18:27:27
79.1333,12.9333,804,"Clouds","overcast clouds","04n","stations",298.15,299.03,298.15,298.15,1006,89,1006,982,10000,2.12,108,2.34,100,1636979636,"IN",1636936929,1636978449,19800,1253286,"Vellore",200,2021-11-15 18:34:04
79.1333,12.9333,804,"Clouds","overcast clouds","04n","stations",298.15,299.03,298.15,298.15,1006,89,1006,982,10000,2.12,108,2.34,100,1636979751,"IN",1636936929,1636978449,19800,1253286,"Vellore",200,2021-11-15 18:38:07
79.1333,12.9333,804,"Clouds","overcast clouds","04n","stations",298.15,299.03,298.15,298.15,1006,89,1006,982,10000,2.12,108,2.34,100,1636980788,"IN",1636936929,1636978449,19800,1253286,"Vellore",200,2021-11-15 18:53:07
79.1333,12.9333,804,"Clouds","overcast clouds","04n","stations",298.15,299.03,298.15,298.15,1006,89,1006,982,10000,2.12,108,2.34,100,1636981550,"IN",1636936929,1636978449,19800,1253286,"Vellore",200,2021-11-15 19:08:07
79.1333,12.9333,804,"Clouds","overcast clouds","04n","stations",298.15,299.03,298.15,298.15,1006,89,1006,982,10000,2.12,108,2.34,100,1636982299,"IN",1636936929,1636978449,19800,1253286,"Vellore",200,2021-11-15 19:23:07
79.1333,12.9333,804,"Clouds","overcast clouds","04n","stations",297.68,298.56,297.68,297.68,1007,91,1007,983,10000,1.62,102,1.78,100,1636983339,"IN",1636936929,1636978449,19800,1253286,"Vellore",200,2021-11-15 19:38:08
79.1333,12.9333,804,"Clouds","overcast clouds","04n","stations",297.42,298.3,297.42,297.42,1008,92,1008,984,10000,1.36,96,1.47,88,1636987788,"IN",1636936929,1636978449,19800,1253286,"Vellore",200,2021-11-15 20:53:10
79.1333,12.9333,804,"Clouds","overcast clouds","04n","stations",297.13,298.04,297.13,297.13,1008,94,1008,984,10000,1.45,93,1.55,85,1636991495,"IN",1636936929,1636978449,19800,1253286,"Vellore",200,2021-11-15 21:53:07
79.1333,12.9333,804,"Clouds","overcast clouds","04n","stations",297.13,298.04,297.13,297.13,1008,94,1008,984,10000,1.45,93,1.55,85,1636992357,"IN",1636936929,1636978449,19800,1253286,"Vellore",200,2021-11-15 22:08:07
79.1333,12.9333,804,"Clouds","overcast clouds","04n","stations",297.13,298.04,297.13,297.13,1008,94,1008,984,10000,1.45,93,1.55,85,1636993343,"IN",1636936929,1636978449,19800,1253286,"Vellore",200,2021-11-15 22:23:07
79.1333,12.9333,804,"Clouds","overcast clouds","04n","stations",296.84,297.75,296.84,296.84,1008,95,1008,984,10000,1.44,90,1.49,88,1636994287,"IN",1636936929,1636978449,19800,1253286,"Vellore",200,2021-11-15 22:38:07
79.1333,12.9333,804,"Clouds","overcast clouds","04n","stations",296.84,297.75,296.84,296.84,1008,95,1008,984,10000,1.44,90,1.49,88,1636995140,"IN",1636936929,1636978449,19800,1253286,"Vellore",200,2021-11-15 22:52:21
79.1333,12.9333,804,"Clouds","overcast clouds","04n","stations",296.84,297.75,296.84,296.84,1008,95,1008,984,10000,1.44,90,1.49,88,1636995140,"IN",1636936929,1636978449,19800,1253286,"Vellore",200,2021-11-15 22:53:07
79.1333,12.9333,804,"Clouds","overcast clouds","04n","stations",296.84,297.75,296.84,296.84,1008,95,1008,984,10000,1.44,90,1.49,88,1636995827,"IN",1636936929,1636978449,19800,1253286,"Vellore",200,2021-11-15 23:08:09
79.1333,12.9333,804,"Clouds","overcast clouds","04n","stations",296.84,297.75,296.84,296.84,1008,95,1008,984,10000,1.44,90,1.49,88,1636996930,"IN",1636936929,1636978449,19800,1253286,"Vellore",200,2021-11-15 23:23:09
79.1333,12.9333,804,"Clouds","overcast clouds","04n","stations",296.59,297.5,296.59,296.59,1008,96,1008,984,10000,1.38,111,1.75,90,1636997891,"IN",1636936929,1636978449,19800,1253286,"Vellore",200,2021-11-15 23:38:11
79.1333,12.9333,804,"Clouds","overcast clouds","04d","stations",298.63,299.48,298.63,298.63,1009,86,1009,985,10000,0.79,346,0.81,100,1637030049,"IN",1637023356,1637064845,19800,1253286,"Vellore",200,2021-11-16 08:34:09
79.1333,12.9333,804,"Clouds","overcast clouds","04d","stations",298.63,299.48,298.63,298.63,1009,86,1009,985,10000,0.79,346,0.81,100,1637030049,"IN",1637023356,1637064845,19800,1253286,"Vellore",200,2021-11-16 08:37:20
79.1333,12.9333,804,"Clouds","overcast clouds","04d","stations",298.63,299.48,298.63,298.63,1009,86,1009,985,10000,0.79,346,0.81,100,1637030049,"IN",1637023356,1637064845,19800,1253286,"Vellore",200,2021-11-16 08:38:07
79.1333,12.9333,804,"Clouds","overcast clouds","04d","stations",298.63,299.48,298.63,298.63,1009,86,1009,985,10000,0.79,346,0.81,100,1637031028,"IN",1637023356,1637064845,19800,1253286,"Vellore",200,2021-11-16 08:53:09
79.1333,12.9333,804,"Clouds","overcast clouds","04d","stations",298.63,299.48,298.63,298.63,1009,86,1009,985,10000,0.79,346,0.81,100,1637031852,"IN",1637023356,1637064845,19800,1253286,"Vellore",200,2021-11-16 09:08:09
79.1333,12.9333,804,"Clouds","overcast clouds","04d","stations",302.43,306.1,302.43,302.43,1005,68,1005,981,10000,3.8,77,4.13,94,1637053438,"IN",1637023356,1637064845,19800,1253286,"Vellore",200,2021-11-16 15:08:07
79.1333,12.9333,804,"Clouds","overcast clouds","04d","stations",302.43,306.1,302.43,302.43,1005,68,1005,981,10000,3.8,77,4.13,94,1637053841,"IN",1637023356,1637064845,19800,1253286,"Vellore",200,2021-11-16 15:12:25
79.1333,12.9333,804,"Clouds","overcast clouds","04d","stations",302.43,306.1,302.43,302.43,1005,68,1005,981,10000,3.8,77,4.13,94,1637053841,"IN",1637023356,1637064845,19800,1253286,"Vellore",200,2021-11-16 15:19:04
79.1333,12.9333,804,"Clouds","overcast clouds","04d","stations",302.43,306.1,302.43,302.43,1005,68,1005,981,10000,3.8,77,4.13,94,1637053841,"IN",1637023356,1637064845,19800,1253286,"Vellore",200,2021-11-16 15:22:20
79.1333,12.9333,804,"Clouds","overcast clouds","04d","stations",302.43,306.1,302.43,302.43,1005,68,1005,981,10000,3.8,77,4.13,94,1637054587,"IN",1637023356,1637064845,19800,1253286,"Vellore",200,2021-11-16 15:23:07
79.1333,12.9333,804,"Clouds","overcast clouds","04d","stations",302.43,306.1,302.43,302.43,1005,68,1005,981,10000,3.8,77,4.13,94,1637054587,"IN",1637023356,1637064845,19800,1253286,"Vellore",200,2021-11-16 15:27:28
79.1333,12.9333,804,"Clouds","overcast clouds","04d","stations",301.94,305.78,301.94,301.94,1004,72,1004,981,10000,3.93,83,4.6,95,1637055252,"IN",1637023356,1637064845,19800,1253286,"Vellore",200,2021-11-16 15:34:12
79.1333,12.9333,804,"Clouds","overcast clouds","04d","stations",301.94,305.78,301.94,301.94,1004,72,1004,981,10000,3.93,83,4.6,95,1637055252,"IN",1637023356,1637064845,19800,1253286,"Vellore",200,2021-11-16 15:37:20
79.1333,12.9333,804,"Clouds","overcast clouds","04d","stations",301.94,305.78,301.94,301.94,1004,72,1004,981,10000,3.93,83,4.6,95,1637055252,"IN",1637023356,1637064845,19800,1253286,"Vellore",200,2021-11-16 15:38:07
79.1333,12.9333,804,"Clouds","overcast clouds","04d","stations",301.94,305.78,301.94,301.94,1004,72,1004,981,10000,3.93,83,4.6,95,1637055252,"IN",1637023356,1637064845,19800,1253286,"Vellore",200,2021-11-16 15:42:26
79.1333,12.9333,804,"Clouds","overcast clouds","04d","stations",301.94,305.78,301.94,301.94,1004,72,1004,981,10000,3.93,83,4.6,95,1637056387,"IN",1637023356,1637064845,19800,1253286,"Vellore",200,2021-11-16 15:53:07
79.1333,12.9333,804,"Clouds","overcast clouds","04d","stations",301.94,305.78,301.94,301.94,1004,72,1004,981,10000,3.93,83,4.6,95,1637057287,"IN",1637023356,1637064845,19800,1253286,"Vellore",200,2021-11-16 16:08:08
79.1333,12.9333,804,"Clouds","overcast clouds","04d","stations",301.94,305.78,301.94,301.94,1004,72,1004,981,10000,3.93,83,4.6,95,1637058258,"IN",1637023356,1637064845,19800,1253286,"Vellore",200,2021-11-16 16:27:27
79.1333,12.9333,804,"Clouds","overcast clouds","04d","stations",300.71,304.05,300.71,300.71,1005,79,1005,982,9794,3.76,89,5.49,92,1637058611,"IN",1637023356,1637064845,19800,1253286,"Vellore",200,2021-11-16 16:34:04
79.1333,12.9333,804,"Clouds","overcast clouds","04d","stations",301.94,305.78,301.94,301.94,1004,72,1004,981,10000,3.93,83,4.6,95,1637058258,"IN",1637023356,1637064845,19800,1253286,"Vellore",200,2021-11-16 16:37:20
79.1333,12.9333,804,"Clouds","overcast clouds","04d","stations",300.71,304.05,300.71,300.71,1005,79,1005,982,9794,3.76,89,5.49,92,1637058842,"IN",1637023356,1637064845,19800,1253286,"Vellore",200,2021-11-16 16:38:07
79.1333,12.9333,804,"Clouds","overcast clouds","04d","stations",300.71,304.05,300.71,300.71,1005,79,1005,982,9794,3.76,89,5.49,92,1637058842,"IN",1637023356,1637064845,19800,1253286,"Vellore",200,2021-11-16 16:42:25
79.1333,12.9333,804,"Clouds","overcast clouds","04d","stations",300.71,304.05,300.71,300.71,1005,79,1005,982,9794,3.76,89,5.49,92,1637059852,"IN",1637023356,1637064845,19800,1253286,"Vellore",200,2021-11-16 16:53:08
79.1333,12.9333,804,"Clouds","overcast clouds","04d","stations",300.71,304.05,300.71,300.71,1005,79,1005,982,9794,3.76,89,5.49,92,1637060889,"IN",1637023356,1637064845,19800,1253286,"Vellore",200,2021-11-16 17:08:10
79.1333,12.9333,804,"Clouds","overcast clouds","04d","stations",298.8,299.67,298.8,298.8,1006,86,1006,982,10000,3.48,95,6.28,94,1637062755,"IN",1637023356,1637064845,19800,1253286,"Vellore",200,2021-11-16 17:39:15
79.1333,12.9333,804,"Clouds","overcast clouds","04n","stations",297.33,298.26,297.33,297.33,1009,94,1009,985,10000,2.43,102,6.25,99,1637071461,"IN",1637023356,1637064845,19800,1253286,"Vellore",200,2021-11-16 20:07:25
79.1333,12.9333,804,"Clouds","overcast clouds","04n","stations",297.33,298.26,297.33,297.33,1009,94,1009,985,10000,2.43,102,6.25,99,1637071461,"IN",1637023356,1637064845,19800,1253286,"Vellore",200,2021-11-16 20:12:31
79.1333,12.9333,500,"Rain","light rain","10n","stations",297.33,298.26,297.33,297.33,1009,94,1009,985,10000,2.43,102,6.25,0.4,99,1637072432,"IN",1637023356,1637064845,19800,1253286,"Vellore",200,2021-11-16 20:22:22
79.1333,12.9333,804,"Clouds","overcast clouds","04n","stations",296.82,297.75,296.82,296.82,1010,96,1010,986,10000,1.53,101,2.32,100,1637078727,"IN",1637023356,1637064845,19800,1253286,"Vellore",200,2021-11-16 22:07:24
79.1333,12.9333,804,"Clouds","overcast clouds","04n","stations",296.82,297.75,296.82,296.82,1010,96,1010,986,10000,1.53,101,2.32,100,1637078727,"IN",1637023356,1637064845,19800,1253286,"Vellore",200,2021-11-16 22:08:13
79.1333,12.9333,804,"Clouds","overcast clouds","04n","stations",296.82,297.75,296.82,296.82,1010,96,1010,986,10000,1.53,101,2.32,100,1637079790,"IN",1637023356,1637064845,19800,1253286,"Vellore",200,2021-11-16 22:23:10
79.1333,12.9333,804,"Clouds","overcast clouds","04n","stations",296.61,297.52,296.61,296.61,1010,96,1010,986,10000,1.25,100,1.46,100,1637080622,"IN",1637023356,1637064845,19800,1253286,"Vellore",200,2021-11-16 22:38:08
79.1333,12.9333,500,"Rain","light rain","10n","stations",296.61,297.52,296.61,296.61,1010,96,1010,986,10000,1.25,100,1.46,0.13,100,1637081419,"IN",1637023356,1637064845,19800,1253286,"Vellore",200,2021-11-16 22:53:09
79.1333,12.9333,804,"Clouds","overcast clouds","04n","stations",296.61,297.52,296.61,296.61,1010,96,1010,986,10000,1.25,100,1.46,100,1637082490,"IN",1637023356,1637064845,19800,1253286,"Vellore",200,2021-11-16 23:10:24
79.1333,12.9333,501,"Rain","moderate rain","10n","stations",296.61,297.52,296.61,296.61,1010,96,1010,986,10000,1.25,100,1.46,1.54,100,1637083224,"IN",1637023356,1637064845,19800,1253286,"Vellore",200,2021-11-16 23:23:10
79.1333,12.9333,804,"Clouds","overcast clouds","04n","stations",296.49,297.39,296.49,296.49,1009,96,1009,985,10000,0.9,102,0.97,100,1637084022,"IN",1637023356,1637064845,19800,1253286,"Vellore",200,2021-11-16 23:38:08
79.1333,12.9333,804,"Clouds","overcast clouds","04n","stations",296.49,297.39,296.49,296.49,1009,96,1009,985,10000,0.9,102,0.97,100,1637085189,"IN",1637023356,1637064845,19800,1253286,"Vellore",200,2021-11-16 23:53:10
79.1333,12.9333,804,"Clouds","overcast clouds","04n","stations",296.49,297.39,296.49,296.49,1009,96,1009,985,10000,0.9,102,0.97,100,1637086090,"IN",1637023356,1637064845,19800,1253286,"Vellore",200,2021-11-17 00:08:11
79.1333,12.9333,502,"Rain","heavy intensity rain","10n","stations",296.49,297.39,296.49,296.49,1009,96,1009,985,10000,0.9,102,0.97,6.54,100,1637086718,"IN",1637023356,1637064845,19800,1253286,"Vellore",200,2021-11-17 00:23:08
79.1333,12.9333,804,"Clouds","overcast clouds","04n","stations",296.31,297.21,296.31,296.31,1009,97,1009,985,10000,0.44,106,0.56,98,1637087888,"IN",1637109783,1637151242,19800,1253286,"Vellore",200,2021-11-17 00:38:08
79.1333,12.9333,803,"Clouds","broken clouds","04d","stations",298.91,299.79,298.91,298.91,1011,86,1011,987,10000,1.51,49,2.44,52,1637116430,"IN",1637109783,1637151242,19800,1253286,"Vellore",200,2021-11-17 08:38:08
79.1333,12.9333,803,"Clouds","broken clouds","04d","stations",298.91,299.79,298.91,298.91,1011,86,1011,987,10000,1.51,49,2.44,52,1637117596,"IN",1637109783,1637151242,19800,1253286,"Vellore",200,2021-11-17 08:53:17
79.1333,12.9333,803,"Clouds","broken clouds","04d","stations",298.91,299.79,298.91,298.91,1011,86,1011,987,10000,1.51,49,2.44,52,1637118285,"IN",1637109783,1637151242,19800,1253286,"Vellore",200,2021-11-17 09:08:08
79.1333,12.9333,803,"Clouds","broken clouds","04d","stations",298.94,299.79,298.94,298.94,1011,85,1011,987,10000,1.86,41,3.29,55,1637119366,"IN",1637109783,1637151242,19800,1253286,"Vellore",200,2021-11-17 09:23:26
79.1333,12.9333,803,"Clouds","broken clouds","04d","stations",300.21,303.02,300.21,300.21,1011,80,1011,988,10000,2.69,64,3.86,55,1637120286,"IN",1637109783,1637151242,19800,1253286,"Vellore",200,2021-11-17 09:38:07
79.1333,12.9333,803,"Clouds","broken clouds","04d","stations",300.21,303.02,300.21,300.21,1011,80,1011,988,10000,2.69,64,3.86,55,1637121836,"IN",1637109783,1637151242,19800,1253286,"Vellore",200,2021-11-17 10:08:16
79.1333,12.9333,803,"Clouds","broken clouds","04d","stations",300.21,303.02,300.21,300.21,1011,80,1011,988,10000,2.69,64,3.86,55,1637122697,"IN",1637109783,1637151242,19800,1253286,"Vellore",200,2021-11-17 10:23:08
79.1333,12.9333,803,"Clouds","broken clouds","04d","stations",300.95,304.34,300.95,300.95,1011,77,1011,987,10000,3.44,74,4.33,60,1637123890,"IN",1637109783,1637151242,19800,1253286,"Vellore",200,2021-11-17 10:38:10
79.1333,12.9333,803,"Clouds","broken clouds","04d","stations",300.95,304.34,300.95,300.95,1011,77,1011,987,10000,3.44,74,4.33,60,1637124790,"IN",1637109783,1637151242,19800,1253286,"Vellore",200,2021-11-17 10:53:10
79.1333,12.9333,803,"Clouds","broken clouds","04d","stations",300.95,304.34,300.95,300.95,1011,77,1011,987,10000,3.44,74,4.33,60,1637125688,"IN",1637109783,1637151242,19800,1253286,"Vellore",200,2021-11-17 11:08:09
79.1333,12.9333,803,"Clouds","broken clouds","04d","stations",300.95,304.34,300.95,300.95,1011,77,1011,987,10000,3.44,74,4.33,60,1637126499,"IN",1637109783,1637151242,19800,1253286,"Vellore",200,2021-11-17 11:23:14
79.1333,12.9333,803,"Clouds","broken clouds","04d","stations",301.13,304.46,301.13,301.13,1010,75,1010,986,10000,3.39,75,4.31,67,1637127233,"IN",1637109783,1637151242,19800,1253286,"Vellore",200,2021-11-17 11:38:09
79.1333,12.9333,803,"Clouds","broken clouds","04d","stations",301.13,304.46,301.13,301.13,1010,75,1010,986,10000,3.39,75,4.31,67,1637129289,"IN",1637109783,1637151242,19800,1253286,"Vellore",200,2021-11-17 12:08:09
79.1333,12.9333,803,"Clouds","broken clouds","04d","stations",301.1,304.26,301.1,301.1,1010,74,1010,986,10000,3.42,75,4.21,60,1637130190,"IN",1637109783,1637151242,19800,1253286,"Vellore",200,2021-11-17 12:23:10
79.1333,12.9333,804,"Clouds","overcast clouds","04d","stations",300.76,303.79,300.76,300.76,1009,76,1009,985,10000,3.59,82,4.81,100,1637130844,"IN",1637109783,1637151242,19800,1253286,"Vellore",200,2021-11-17 12:38:13
79.1333,12.9333,804,"Clouds","overcast clouds","04d","stations",300.76,303.79,300.76,300.76,1009,76,1009,985,10000,3.59,82,4.81,100,1637133097,"IN",1637109783,1637151242,19800,1253286,"Vellore",200,2021-11-17 13:11:37
79.1333,12.9333,502,"Rain","heavy intensity rain","10d","stations",300.76,303.79,300.76,300.76,1009,76,1009,985,10000,3.59,82,4.81,12.11,100,1637133795,"IN",1637109783,1637151242,19800,1253286,"Vellore",200,2021-11-17 13:23:15
79.1333,12.9333,804,"Clouds","overcast clouds","04d","stations",297.52,298.39,297.52,297.52,1008,91,1008,984,10000,4.89,82,8.51,100,1637143690,"IN",1637109783,1637151242,19800,1253286,"Vellore",200,2021-11-17 16:08:10
79.1333,12.9333,804,"Clouds","overcast clouds","04d","stations",297.52,298.39,297.52,297.52,1008,91,1008,984,10000,4.89,82,8.51,100,1637144588,"IN",1637109783,1637151242,19800,1253286,"Vellore",200,2021-11-17 16:23:08
79.1333,12.9333,500,"Rain","light rain","10d","stations",296.66,297.57,296.66,296.66,1008,96,1008,984,10000,3.02,79,7.33,0.42,100,1637145415,"IN",1637109783,1637151242,19800,1253286,"Vellore",200,2021-11-17 16:38:09
79.1333,12.9333,804,"Clouds","overcast clouds","04d","stations",296.66,297.57,296.66,296.66,1008,96,1008,984,10000,3.02,79,7.33,100,1637146388,"IN",1637109783,1637151242,19800,1253286,"Vellore",200,2021-11-17 16:53:08
79.1333,12.9333,804,"Clouds","overcast clouds","04d","stations",296.66,297.57,296.66,296.66,1008,96,1008,984,10000,3.02,79,7.33,100,1637147070,"IN",1637109783,1637151242,19800,1253286,"Vellore",200,2021-11-17 17:08:07
79.1333,12.9333,804,"Clouds","overcast clouds","04d","stations",296.66,297.57,296.66,296.66,1008,96,1008,984,10000,3.02,79,7.33,100,1637148188,"IN",1637109783,1637151242,19800,1253286,"Vellore",200,2021-11-17 17:23:07
79.1333,12.9333,804,"Clouds","overcast clouds","04d","stations",296.46,297.38,296.46,296.46,1009,97,1009,985,10000,1.15,77,3.94,100,1637149091,"IN",1637109783,1637151242,19800,1253286,"Vellore",200,2021-11-17 17:38:11
79.1333,12.9333,804,"Clouds","overcast clouds","04n","stations",296.5,297.4,296.5,296.5,1009,96,1009,985,10000,1.6,68,5.49,100,1637151519,"IN",1637109783,1637151242,19800,1253286,"Vellore",200,2021-11-17 18:23:15
79.1333,12.9333,804,"Clouds","overcast clouds","04n","stations",296.44,297.33,296.44,296.44,1009,96,1009,985,10000,0.81,313,1.01,100,1637152420,"IN",1637109783,1637151242,19800,1253286,"Vellore",200,2021-11-17 18:38:08
79.1333,12.9333,804,"Clouds","overcast clouds","04n","stations",296.44,297.33,296.44,296.44,1009,96,1009,985,10000,0.81,313,1.01,100,1637153411,"IN",1637109783,1637151242,19800,1253286,"Vellore",200,2021-11-17 18:53:07
79.1333,12.9333,501,"Rain","moderate rain","10n","stations",296.44,297.33,296.44,296.44,1009,96,1009,985,10000,0.81,313,1.01,1.32,100,1637154489,"IN",1637109783,1637151242,19800,1253286,"Vellore",200,2021-11-17 19:08:09
79.1333,12.9333,804,"Clouds","overcast clouds","04n","stations",296.49,297.36,296.49,296.49,1010,95,1010,986,10000,0.64,208,0.93,100,1637156292,"IN",1637109783,1637151242,19800,1253286,"Vellore",200,2021-11-17 19:38:11
79.1333,12.9333,804,"Clouds","overcast clouds","04n","stations",296.49,297.36,296.49,296.49,1010,95,1010,986,10000,0.64,208,0.93,100,1637157189,"IN",1637109783,1637151242,19800,1253286,"Vellore",200,2021-11-17 19:53:09
79.1333,12.9333,500,"Rain","light rain","10n","stations",296.49,297.36,296.49,296.49,1010,95,1010,986,10000,0.64,208,0.93,0.24,100,1637157869,"IN",1637109783,1637151242,19800,1253286,"Vellore",200,2021-11-17 20:08:06
79.1333,12.9333,804,"Clouds","overcast clouds","04n","stations",296.49,297.36,296.49,296.49,1010,95,1010,986,10000,0.64,208,0.93,100,1637158989,"IN",1637109783,1637151242,19800,1253286,"Vellore",200,2021-11-17 20:23:08
79.1333,12.9333,501,"Rain","moderate rain","10n","stations",296.47,297.34,296.47,296.47,1011,95,1011,987,10000,0.77,248,1.03,1.41,100,1637159889,"IN",1637109783,1637151242,19800,1253286,"Vellore",200,2021-11-17 20:38:09
79.1333,12.9333,804,"Clouds","overcast clouds","04n","stations",296.21,297.05,296.21,296.21,1011,95,1011,986,10000,1.4,279,1.49,100,1637167753,"IN",1637109783,1637151242,19800,1253286,"Vellore",200,2021-11-17 22:53:11
79.1333,12.9333,804,"Clouds","overcast clouds","04n","stations",296.21,297.05,296.21,296.21,1011,95,1011,986,10000,1.4,279,1.49,100,1637168893,"IN",1637109783,1637151242,19800,1253286,"Vellore",200,2021-11-17 23:08:13
79.1333,12.9333,500,"Rain","light rain","10n","stations",296.21,297.05,296.21,296.21,1011,95,1011,986,10000,1.4,279,1.49,0.64,100,1637169787,"IN",1637109783,1637151242,19800,1253286,"Vellore",200,2021-11-17 23:23:08
79.1333,12.9333,804,"Clouds","overcast clouds","04n","stations",296.14,296.95,296.14,296.14,1010,94,1010,986,10000,1.33,274,1.35,100,1637170426,"IN",1637109783,1637151242,19800,1253286,"Vellore",200,2021-11-17 23:38:08
79.1333,12.9333,500,"Rain","light rain","10n","stations",296.14,296.95,296.14,296.14,1010,94,1010,986,10000,1.33,274,1.35,0.19,100,1637171588,"IN",1637109783,1637151242,19800,1253286,"Vellore",200,2021-11-17 23:53:09
79.1333,12.9333,502,"Rain","heavy intensity rain","10d","stations",295.3,296.03,295.3,295.3,1010,94,1010,985,6242,3.68,317,9.49,4.21,100,1637204890,"IN",1637196210,1637237641,19800,1253286,"Vellore",200,2021-11-18 09:08:10
79.1333,12.9333,501,"Rain","moderate rain","10d","stations",295.44,296.18,295.44,295.44,1010,94,1010,986,10000,4.62,314,9.07,2.73,100,1637205607,"IN",1637196210,1637237641,19800,1253286,"Vellore",200,2021-11-18 09:23:06
79.1333,12.9333,502,"Rain","heavy intensity rain","10d","stations",295.91,296.64,295.91,295.91,1010,92,1010,986,10000,4.11,311,9.54,5.84,100,1637206686,"IN",1637196210,1637237641,19800,1253286,"Vellore",200,2021-11-18 09:38:06
79.1333,12.9333,502,"Rain","heavy intensity rain","10d","stations",295.91,296.64,295.91,295.91,1010,92,1010,986,10000,4.11,311,9.54,7.43,100,1637207587,"IN",1637196210,1637237641,19800,1253286,"Vellore",200,2021-11-18 09:53:07
79.1333,12.9333,502,"Rain","heavy intensity rain","10d","stations",295.91,296.64,295.91,295.91,1010,92,1010,986,10000,4.11,311,9.54,4.21,100,1637208238,"IN",1637196210,1637237641,19800,1253286,"Vellore",200,2021-11-18 10:08:07
79.1333,12.9333,502,"Rain","heavy intensity rain","10d","stations",295.91,296.64,295.91,295.91,1010,92,1010,986,10000,4.11,311,9.54,13.84,100,1637209387,"IN",1637196210,1637237641,19800,1253286,"Vellore",200,2021-11-18 10:23:07
79.1333,12.9333,502,"Rain","heavy intensity rain","10d","stations",295.8,296.55,295.8,295.8,1009,93,1009,985,6813,3.73,309,9.33,4.21,100,1637210037,"IN",1637196210,1637237641,19800,1253286,"Vellore",200,2021-11-18 10:38:07
79.1333,12.9333,502,"Rain","heavy intensity rain","10d","stations",295.8,296.55,295.8,295.8,1009,93,1009,985,6813,3.73,309,9.33,5.16,100,1637211187,"IN",1637196210,1637237641,19800,1253286,"Vellore",200,2021-11-18 10:53:07
79.1333,12.9333,502,"Rain","heavy intensity rain","10d","stations",295.8,296.55,295.8,295.8,1009,93,1009,985,6813,3.73,309,9.33,4.21,100,1637212089,"IN",1637196210,1637237641,19800,1253286,"Vellore",200,2021-11-18 11:08:09
79.1333,12.9333,502,"Rain","heavy intensity rain","10d","stations",295.8,296.55,295.8,295.8,1009,93,1009,985,6813,3.73,309,9.33,4.73,100,1637212718,"IN",1637196210,1637237641,19800,1253286,"Vellore",200,2021-11-18 11:23:11
79.1333,12.9333,502,"Rain","heavy intensity rain","10d","stations",295.55,296.3,295.55,295.55,1008,94,1008,984,4155,4.47,325,11.01,13.32,100,1637213775,"IN",1637196210,1637237641,19800,1253286,"Vellore",200,2021-11-18 11:38:08
79.1333,12.9333,503,"Rain","very heavy rain","10d","stations",295.71,296.5,295.71,295.71,1009,95,1009,984,3958,3.31,345,8.35,20.51,100,1637214788,"IN",1637196210,1637237641,19800,1253286,"Vellore",200,2021-11-18 11:53:08
79.1333,12.9333,502,"Rain","heavy intensity rain","10d","stations",295.55,296.3,295.55,295.55,1008,94,1008,984,4155,4.47,325,11.01,8.65,100,1637215437,"IN",1637196210,1637237641,19800,1253286,"Vellore",200,2021-11-18 12:08:08
79.1333,12.9333,502,"Rain","heavy intensity rain","10d","stations",295.71,296.5,295.71,295.71,1009,95,1009,984,3958,3.31,345,8.35,13.32,100,1637216337,"IN",1637196210,1637237641,19800,1253286,"Vellore",200,2021-11-18 12:23:09
79.1333,12.9333,503,"Rain","very heavy rain","10d","stations",295.52,296.32,295.52,295.52,1005,96,1005,981,3594,4.74,315,10.59,38.72,100,1637221990,"IN",1637196210,1637237641,19800,1253286,"Vellore",200,2021-11-18 13:53:09
79.1333,12.9333,503,"Rain","very heavy rain","10d","stations",295.52,296.32,295.52,295.52,1005,96,1005,981,3594,4.74,315,10.59,18.45,100,1637222886,"IN",1637196210,1637237641,19800,1253286,"Vellore",200,2021-11-18 14:08:07
79.1333,12.9333,503,"Rain","very heavy rain","10d","stations",295.52,296.32,295.52,295.52,1005,96,1005,981,3594,4.74,315,10.59,23.51,100,1637223790,"IN",1637196210,1637237641,19800,1253286,"Vellore",200,2021-11-18 14:23:09
79.1333,12.9333,503,"Rain","very heavy rain","10d","stations",295.38,296.17,295.38,295.38,1005,96,1005,981,8320,5.2,316,10.88,20.51,100,1637224688,"IN",1637196210,1637237641,19800,1253286,"Vellore",200,2021-11-18 14:38:08
79.1333,12.9333,503,"Rain","very heavy rain","10d","stations",295.38,296.17,295.38,295.38,1005,96,1005,981,8320,5.2,316,10.88,29.88,100,1637225589,"IN",1637196210,1637237641,19800,1253286,"Vellore",200,2021-11-18 14:53:08
79.1333,12.9333,503,"Rain","very heavy rain","10d","stations",295.38,296.17,295.38,295.38,1005,96,1005,981,8320,5.2,316,10.88,18.94,100,1637226266,"IN",1637196210,1637237641,19800,1253286,"Vellore",200,2021-11-18 15:08:08
79.1333,12.9333,503,"Rain","very heavy rain","10d","stations",295.38,296.17,295.38,295.38,1005,96,1005,981,8320,5.2,316,10.88,19.41,100,1637227368,"IN",1637196210,1637237641,19800,1253286,"Vellore",200,2021-11-18 15:23:07
79.1333,12.9333,502,"Rain","heavy intensity rain","10d","stations",295.5,296.25,295.5,295.5,1005,94,1005,981,6991,5.13,309,11.89,11.53,100,1637228287,"IN",1637196210,1637237641,19800,1253286,"Vellore",200,2021-11-18 15:38:07
79.1333,12.9333,502,"Rain","heavy intensity rain","10d","stations",295.5,296.25,295.5,295.5,1005,94,1005,981,6991,5.13,309,11.89,13.32,100,1637229187,"IN",1637196210,1637237641,19800,1253286,"Vellore",200,2021-11-18 15:53:07
79.1333,12.9333,502,"Rain","heavy intensity rain","10d","stations",295.5,296.25,295.5,295.5,1005,94,1005,981,6991,5.13,309,11.89,6.31,100,1637229839,"IN",1637196210,1637237641,19800,1253286,"Vellore",200,2021-11-18 16:08:07
79.1333,12.9333,502,"Rain","heavy intensity rain","10d","stations",295.5,296.25,295.5,295.5,1005,94,1005,981,6991,5.13,309,11.89,4.21,100,1637230931,"IN",1637196210,1637237641,19800,1253286,"Vellore",200,2021-11-18 16:23:07
79.1333,12.9333,502,"Rain","heavy intensity rain","10d","stations",295.48,296.2,295.48,295.48,1006,93,1006,982,10000,4.88,312,10.92,4.47,100,1637231887,"IN",1637196210,1637237641,19800,1253286,"Vellore",200,2021-11-18 16:38:07
79.1333,12.9333,502,"Rain","heavy intensity rain","10d","stations",295.48,296.2,295.48,295.48,1006,93,1006,982,10000,4.88,312,10.92,4.86,100,1637232787,"IN",1637196210,1637237641,19800,1253286,"Vellore",200,2021-11-18 16:53:07
79.1333,12.9333,502,"Rain","heavy intensity rain","10d","stations",295.48,296.2,295.48,295.48,1006,93,1006,982,10000,4.88,312,10.92,4.86,100,1637233444,"IN",1637196210,1637237641,19800,1253286,"Vellore",200,2021-11-18 17:08:07
79.1333,12.9333,502,"Rain","heavy intensity rain","10d","stations",295.48,296.2,295.48,295.48,1006,93,1006,982,10000,4.88,312,10.92,4.21,100,1637234587,"IN",1637196210,1637237641,19800,1253286,"Vellore",200,2021-11-18 17:23:07
79.1333,12.9333,502,"Rain","heavy intensity rain","10d","stations",295.59,296.29,295.59,295.59,1006,92,1006,982,10000,4.44,307,10.82,4.21,100,1637235447,"IN",1637196210,1637237641,19800,1253286,"Vellore",200,2021-11-18 17:38:07
79.1333,12.9333,502,"Rain","heavy intensity rain","10d","stations",295.56,296.31,295.56,295.56,1005,94,1005,981,9357,5.68,311,11.99,6.44,100,1637236387,"IN",1637196210,1637237641,19800,1253286,"Vellore",200,2021-11-18 17:53:07
79.1333,12.9333,503,"Rain","very heavy rain","10n","stations",295.56,296.31,295.56,295.56,1005,94,1005,981,9357,5.68,311,11.99,27.34,100,1637238187,"IN",1637196210,1637237641,19800,1253286,"Vellore",200,2021-11-18 18:23:07
79.1333,12.9333,502,"Rain","heavy intensity rain","10n","stations",295.7,296.44,295.7,295.7,1006,93,1006,982,9414,5.34,311,10.98,4.21,100,1637238905,"IN",1637196210,1637237641,19800,1253286,"Vellore",200,2021-11-18 18:38:07
79.1333,12.9333,501,"Rain","moderate rain","10n","stations",295.7,296.44,295.7,295.7,1006,93,1006,982,9414,5.34,311,10.98,1.47,100,1637239698,"IN",1637196210,1637237641,19800,1253286,"Vellore",200,2021-11-18 18:53:07
79.1333,12.9333,503,"Rain","very heavy rain","10n","stations",295.7,296.44,295.7,295.7,1006,93,1006,982,9414,5.34,311,10.98,34.51,100,1637240882,"IN",1637196210,1637237641,19800,1253286,"Vellore",200,2021-11-18 19:08:09
79.1333,12.9333,502,"Rain","heavy intensity rain","10n","stations",295.7,296.44,295.7,295.7,1006,93,1006,982,9414,5.34,311,10.98,14.66,100,1637241788,"IN",1637196210,1637237641,19800,1253286,"Vellore",200,2021-11-18 19:23:08
79.1333,12.9333,503,"Rain","very heavy rain","10n","stations",295.8,296.55,295.8,295.8,1007,93,1007,983,10000,5.15,319,11.13,31.58,100,1637242688,"IN",1637196210,1637237641,19800,1253286,"Vellore",200,2021-11-18 19:38:07
79.1333,12.9333,502,"Rain","heavy intensity rain","10n","stations",295.8,296.55,295.8,295.8,1007,93,1007,983,10000,5.15,319,11.13,13.25,100,1637243519,"IN",1637196210,1637237641,19800,1253286,"Vellore",200,2021-11-18 19:53:07
79.1333,12.9333,503,"Rain","very heavy rain","10n","stations",295.8,296.55,295.8,295.8,1007,93,1007,983,10000,5.15,319,11.13,34.51,100,1637244487,"IN",1637196210,1637237641,19800,1253286,"Vellore",200,2021-11-18 20:08:06
79.1333,12.9333,804,"Clouds","overcast clouds","04n","stations",295.82,296.57,295.82,295.82,1007,93,1007,983,10000,4.21,317,9.53,100,1637247188,"IN",1637196210,1637237641,19800,1253286,"Vellore",200,2021-11-18 20:53:08
79.1333,12.9333,502,"Rain","heavy intensity rain","10n","stations",295.82,296.57,295.82,295.82,1007,93,1007,983,10000,4.21,317,9.53,5.62,100,1637248088,"IN",1637196210,1637237641,19800,1253286,"Vellore",200,2021-11-18 21:08:08
79.1333,12.9333,502,"Rain","heavy intensity rain","10n","stations",295.82,296.57,295.82,295.82,1007,93,1007,983,10000,4.21,317,9.53,7.53,100,1637248987,"IN",1637196210,1637237641,19800,1253286,"Vellore",200,2021-11-18 21:23:07
79.1333,12.9333,502,"Rain","heavy intensity rain","10n","stations",295.82,296.57,295.82,295.82,1007,93,1007,983,7281,3.53,311,8.12,11.45,100,1637249889,"IN",1637196210,1637237641,19800,1253286,"Vellore",200,2021-11-18 21:38:10
79.1333,12.9333,804,"Clouds","overcast clouds","04n","stations",295.82,296.57,295.82,295.82,1007,93,1007,983,7281,3.53,311,8.12,100,1637250788,"IN",1637196210,1637237641,19800,1253286,"Vellore",200,2021-11-18 21:53:09
79.1333,12.9333,503,"Rain","very heavy rain","10n","stations",295.82,296.57,295.82,295.82,1007,93,1007,983,7281,3.53,311,8.12,23.24,100,1637251687,"IN",1637196210,1637237641,19800,1253286,"Vellore",200,2021-11-18 22:08:07
79.1333,12.9333,804,"Clouds","overcast clouds","04n","stations",295.82,296.57,295.82,295.82,1007,93,1007,983,7281,3.53,311,8.12,100,1637252587,"IN",1637196210,1637237641,19800,1253286,"Vellore",200,2021-11-18 22:23:08
79.1333,12.9333,501,"Rain","moderate rain","10d","stations",296.16,297.05,296.16,296.16,1003,97,1003,979,10000,0.66,40,2.47,3.74,100,1637321598,"IN",1637282638,1637324040,19800,1253286,"Vellore",200,2021-11-19 17:38:12
79.1333,12.9333,804,"Clouds","overcast clouds","04d","stations",297.1,298.03,297.1,297.1,1003,95,1003,979,10000,0.46,218,1.07,100,1637322786,"IN",1637282638,1637324040,19800,1253286,"Vellore",200,2021-11-19 17:53:07
79.1333,12.9333,501,"Rain","moderate rain","10d","stations",297.1,298.03,297.1,297.1,1003,95,1003,979,10000,0.46,218,1.07,1.46,100,1637323687,"IN",1637282638,1637324040,19800,1253286,"Vellore",200,2021-11-19 18:08:07
79.1333,12.9333,804,"Clouds","overcast clouds","04n","stations",297.1,298.03,297.1,297.1,1003,95,1003,979,10000,0.46,218,1.07,100,1637324611,"IN",1637282638,1637324040,19800,1253286,"Vellore",200,2021-11-19 18:23:33
79.1333,12.9333,804,"Clouds","overcast clouds","04n","stations",296.96,297.88,296.96,296.96,1004,95,1004,980,10000,0.76,174,1.22,100,1637326388,"IN",1637282638,1637324040,19800,1253286,"Vellore",200,2021-11-19 18:53:08
79.1333,12.9333,804,"Clouds","overcast clouds","04n","stations",296.96,297.88,296.96,296.96,1004,95,1004,980,10000,0.76,174,1.22,100,1637327094,"IN",1637282638,1637324040,19800,1253286,"Vellore",200,2021-11-19 19:08:08
79.1333,12.9333,804,"Clouds","overcast clouds","04n","stations",296.96,297.88,296.96,296.96,1004,95,1004,980,10000,0.76,174,1.22,100,1637328051,"IN",1637282638,1637324040,19800,1253286,"Vellore",200,2021-11-19 19:23:07
79.1333,12.9333,804,"Clouds","overcast clouds","04n","stations",296.89,297.8,296.89,296.89,1005,95,1005,981,10000,1.31,139,1.97,100,1637329032,"IN",1637282638,1637324040,19800,1253286,"Vellore",200,2021-11-19 19:38:07
79.1333,12.9333,804,"Clouds","overcast clouds","04n","stations",296.89,297.8,296.89,296.89,1005,95,1005,981,10000,1.31,139,1.97,100,1637329922,"IN",1637282638,1637324040,19800,1253286,"Vellore",200,2021-11-19 19:53:07
79.1333,12.9333,501,"Rain","moderate rain","10n","stations",296.36,297.27,296.36,296.36,1006,97,1006,982,10000,1.46,124,3.18,3.79,100,1637339544,"IN",1637282638,1637324040,19800,1253286,"Vellore",200,2021-11-19 22:38:07
79.1333,12.9333,804,"Clouds","overcast clouds","04n","stations",296.36,297.27,296.36,296.36,1006,97,1006,982,10000,1.46,124,3.18,100,1637340787,"IN",1637282638,1637324040,19800,1253286,"Vellore",200,2021-11-19 22:53:07
79.1333,12.9333,804,"Clouds","overcast clouds","04n","stations",296.36,297.27,296.36,296.36,1006,97,1006,982,10000,1.46,124,3.18,100,1637341565,"IN",1637282638,1637324040,19800,1253286,"Vellore",200,2021-11-19 23:08:07
79.1333,12.9333,804,"Clouds","overcast clouds","04n","stations",296.36,297.27,296.36,296.36,1006,97,1006,982,10000,1.46,124,3.18,100,1637342587,"IN",1637282638,1637324040,19800,1253286,"Vellore",200,2021-11-19 23:23:07
79.1333,12.9333,804,"Clouds","overcast clouds","04n","stations",296.3,297.2,296.3,296.3,1006,97,1006,982,10000,1.37,118,3.03,99,1637343244,"IN",1637282638,1637324040,19800,1253286,"Vellore",200,2021-11-19 23:38:08
79.1333,12.9333,804,"Clouds","overcast clouds","04n","stations",296.5,297.4,296.5,296.5,1006,96,1006,982,10000,1.07,107,2.01,100,1637344387,"IN",1637282638,1637324040,19800,1253286,"Vellore",200,2021-11-19 23:53:07
79.1333,12.9333,804,"Clouds","overcast clouds","04n","stations",296.5,297.4,296.5,296.5,1006,96,1006,982,10000,1.07,107,2.01,100,1637345042,"IN",1637282638,1637324040,19800,1253286,"Vellore",200,2021-11-20 00:08:07
79.1333,12.9333,804,"Clouds","overcast clouds","04n","stations",296.5,297.4,296.5,296.5,1006,96,1006,982,10000,1.07,107,2.01,100,1637346188,"IN",1637282638,1637324040,19800,1253286,"Vellore",200,2021-11-20 00:23:09
79.1333,12.9333,502,"Rain","heavy intensity rain","10d","stations",299.91,302.53,299.91,299.91,1008,82,1008,984,10000,1.1,125,1.46,6.14,100,1637383988,"IN",1637369067,1637410440,19800,1253286,"Vellore",200,2021-11-20 10:53:09
79.1333,12.9333,501,"Rain","moderate rain","10d","stations",299.91,302.53,299.91,299.91,1008,82,1008,984,10000,1.1,125,1.46,2.2,100,1637384661,"IN",1637369067,1637410440,19800,1253286,"Vellore",200,2021-11-20 11:08:08
79.1333,12.9333,501,"Rain","moderate rain","10d","stations",299.91,302.53,299.91,299.91,1008,82,1008,984,10000,1.1,125,1.46,2.59,100,1637385786,"IN",1637369067,1637410440,19800,1253286,"Vellore",200,2021-11-20 11:23:07
79.1333,12.9333,501,"Rain","moderate rain","10d","stations",300.88,304.31,300.88,300.88,1007,78,1007,983,10000,1.57,145,2.22,2.68,99,1637386616,"IN",1637369067,1637410440,19800,1253286,"Vellore",200,2021-11-20 11:38:08
79.1333,12.9333,500,"Rain","light rain","10d","stations",301.83,306.07,301.83,301.83,1004,75,1004,981,10000,2.9,127,3.39,0.62,94,1637393889,"IN",1637369067,1637410440,19800,1253286,"Vellore",200,2021-11-20 13:38:10
79.1333,12.9333,501,"Rain","moderate rain","10d","stations",301.83,306.07,301.83,301.83,1004,75,1004,981,10000,2.9,127,3.39,2.04,94,1637394788,"IN",1637369067,1637410440,19800,1253286,"Vellore",200,2021-11-20 13:53:09
79.1333,12.9333,500,"Rain","light rain","10d","stations",301.83,306.07,301.83,301.83,1004,75,1004,981,10000,2.9,127,3.39,0.11,94,1637395398,"IN",1637369067,1637410440,19800,1253286,"Vellore",200,2021-11-20 14:08:11
79.1333,12.9333,804,"Clouds","overcast clouds","04d","stations",300.3,303.65,300.3,300.3,1004,84,1004,981,10000,3.2,112,4.69,94,1637404691,"IN",1637369067,1637410440,19800,1253286,"Vellore",200,2021-11-20 16:38:13
79.1333,12.9333,803,"Clouds","broken clouds","04n","stations",297.25,298.22,297.25,297.25,1009,96,1009,985,10000,2.14,114,4.73,80,1637420890,"IN",1637369067,1637410440,19800,1253286,"Vellore",200,2021-11-20 21:08:12
79.1333,12.9333,803,"Clouds","broken clouds","04n","stations",297.25,298.22,297.25,297.25,1009,96,1009,985,10000,2.14,114,4.73,80,1637421785,"IN",1637369067,1637410440,19800,1253286,"Vellore",200,2021-11-20 21:23:07
79.1333,12.9333,804,"Clouds","overcast clouds","04n","stations",296.88,297.82,296.88,296.88,1009,96,1009,985,10000,1.64,112,2.78,85,1637422685,"IN",1637369067,1637410440,19800,1253286,"Vellore",200,2021-11-20 21:38:07
79.1333,12.9333,500,"Rain","light rain","10n","stations",296.88,297.82,296.88,296.88,1009,96,1009,985,10000,1.64,112,2.78,0.16,85,1637423484,"IN",1637369067,1637410440,19800,1253286,"Vellore",200,2021-11-20 21:53:07
79.1333,12.9333,804,"Clouds","overcast clouds","04n","stations",296.88,297.82,296.88,296.88,1009,96,1009,985,10000,1.64,112,2.78,85,1637424291,"IN",1637369067,1637410440,19800,1253286,"Vellore",200,2021-11-20 22:08:07
79.1333,12.9333,804,"Clouds","overcast clouds","04n","stations",296.88,297.82,296.88,296.88,1009,96,1009,985,10000,1.64,112,2.78,85,1637425387,"IN",1637369067,1637410440,19800,1253286,"Vellore",200,2021-11-20 22:23:09
79.1333,12.9333,804,"Clouds","overcast clouds","04n","stations",296.56,297.49,296.56,296.56,1009,97,1009,985,10000,0.93,108,1.33,87,1637426158,"IN",1637369067,1637410440,19800,1253286,"Vellore",200,2021-11-20 22:38:09
79.1333,12.9333,804,"Clouds","overcast clouds","04n","stations",296.56,297.49,296.56,296.56,1009,97,1009,985,10000,0.93,108,1.33,87,1637427185,"IN",1637369067,1637410440,19800,1253286,"Vellore",200,2021-11-20 22:53:07
79.1333,12.9333,804,"Clouds","overcast clouds","04n","stations",297.16,298.02,297.16,297.16,1011,92,1011,987,10000,1.28,73,1.78,100,1637589985,"IN",1637541925,1637583244,19800,1253286,"Vellore",200,2021-11-22 20:08:14
79.1333,12.9333,804,"Clouds","overcast clouds","04n","stations",297.27,298.14,297.27,297.27,1011,92,1011,987,10000,1.47,74,2.37,100,1637590982,"IN",1637541925,1637583244,19800,1253286,"Vellore",200,2021-11-22 20:23:12
79.1333,12.9333,804,"Clouds","overcast clouds","04n","stations",296.94,297.8,296.94,296.94,1012,93,1012,988,10000,1.14,67,2.03,100,1637591810,"IN",1637541925,1637583244,19800,1253286,"Vellore",200,2021-11-22 20:38:28
79.1333,12.9333,804,"Clouds","overcast clouds","04n","stations",296.7,297.57,296.7,296.7,1012,94,1012,988,10000,0.9,42,1.44,100,1637595436,"IN",1637541925,1637583244,19800,1253286,"Vellore",200,2021-11-22 21:38:10
79.1333,12.9333,804,"Clouds","overcast clouds","04n","stations",296.7,297.57,296.7,296.7,1012,94,1012,988,10000,0.9,42,1.44,100,1637596303,"IN",1637541925,1637583244,19800,1253286,"Vellore",200,2021-11-22 21:53:08
79.1333,12.9333,804,"Clouds","overcast clouds","04n","stations",296.7,297.57,296.7,296.7,1012,94,1012,988,10000,0.9,42,1.44,100,1637597290,"IN",1637541925,1637583244,19800,1253286,"Vellore",200,2021-11-22 22:08:10
79.1333,12.9333,804,"Clouds","overcast clouds","04n","stations",296.7,297.57,296.7,296.7,1012,94,1012,988,10000,0.9,42,1.44,100,1637598192,"IN",1637541925,1637583244,19800,1253286,"Vellore",200,2021-11-22 22:23:12
79.1333,12.9333,804,"Clouds","overcast clouds","04n","stations",296.6,297.46,296.6,296.6,1012,94,1012,988,10000,0.72,2,0.96,100,1637599088,"IN",1637541925,1637583244,19800,1253286,"Vellore",200,2021-11-22 22:38:08
79.1333,12.9333,804,"Clouds","overcast clouds","04n","stations",296.6,297.46,296.6,296.6,1012,94,1012,988,10000,0.72,2,0.96,100,1637599995,"IN",1637541925,1637583244,19800,1253286,"Vellore",200,2021-11-22 22:53:15
79.1333,12.9333,804,"Clouds","overcast clouds","04n","stations",296.6,297.46,296.6,296.6,1012,94,1012,988,10000,0.72,2,0.96,100,1637600785,"IN",1637541925,1637583244,19800,1253286,"Vellore",200,2021-11-22 23:08:09
79.1333,12.9333,804,"Clouds","overcast clouds","04n","stations",296.6,297.46,296.6,296.6,1012,94,1012,988,10000,0.72,2,0.96,100,1637601755,"IN",1637541925,1637583244,19800,1253286,"Vellore",200,2021-11-22 23:23:08
79.1333,12.9333,804,"Clouds","overcast clouds","04n","stations",296.45,297.32,296.45,296.45,1012,95,1012,988,10000,0.58,337,0.94,98,1637602542,"IN",1637541925,1637583244,19800,1253286,"Vellore",200,2021-11-22 23:38:13
79.1333,12.9333,804,"Clouds","overcast clouds","04n","stations",296.34,297.17,296.34,296.34,1012,94,1012,988,10000,0.6,324,0.94,86,1637603345,"IN",1637541925,1637583244,19800,1253286,"Vellore",200,2021-11-22 23:53:11
79.1333,12.9333,804,"Clouds","overcast clouds","04d","stations",297.93,298.71,297.93,297.93,1013,86,1013,989,10000,0.9,336,1.37,99,1637637788,"IN",1637628354,1637669648,19800,1253286,"Vellore",200,2021-11-23 09:23:08
